timestamp_ms,block_number,last_variant,tx_count,warm_hits,cold_misses,warm_set_size,warm_hit_rate,scheduler_overhead_us,block_duration_ms,gc_young_delta_count,gc_old_delta_count,gc_young_delta_ms,gc_old_delta_ms,gc_total_delta_ms,gc_pause_ratio
1777041270046,1,HYBRID_FEE_LOCALITY,0,0,0,0,0.0000,0,0,0,0,0,0,0,0.0000
1777041272091,2,HYBRID_FEE_LOCALITY,0,0,0,0,0.0000,0,0,0,0,0,0,0,0.0000
1777041272201,3,HYBRID_FEE_LOCALITY,0,0,0,0,0.0000,0,0,0,0,0,0,0,0.0000
1777041273036,4,HYBRID_FEE_LOCALITY,0,0,0,0,0.0000,0,0,0,0,0,0,0,0.0000
1777041273748,5,HYBRID_FEE_LOCALITY,0,0,0,0,0.0000,0,0,0,0,0,0,0,0.0000
1777041273814,6,HYBRID_FEE_LOCALITY,0,0,0,0,0.0000,0,0,0,0,0,0,0,0.0000
1777041274496,7,HYBRID_FEE_LOCALITY,0,0,0,0,0.0000,0,0,0,0,0,0,0,0.0000
1777041275461,8,HYBRID_FEE_LOCALITY,2,0,0,1,0.0000,1772,38,0,0,0,0,0,0.0000
1777041276265,9,HYBRID_FEE_LOCALITY,2,0,0,1,0.0000,329,6,0,0,0,0,0,0.0000
1777041276344,10,HYBRID_FEE_LOCALITY,1,0,0,1,0.0000,254,5,0,0,0,0,0,0.0000
1777041276560,11,HYBRID_FEE_LOCALITY,3,0,0,1,0.0000,272,6,0,0,0,0,0,0.0000
1777041276750,12,HYBRID_FEE_LOCALITY,2,0,0,1,0.0000,133,4,0,0,0,0,0,0.0000
1777041277100,13,HYBRID_FEE_LOCALITY,1,0,0,1,0.0000,116,3,0,0,0,0,0,0.0000
1777041277164,14,HYBRID_FEE_LOCALITY,3,0,0,1,0.0000,209,4,0,0,0,0,0,0.0000
1777041277205,15,HYBRID_FEE_LOCALITY,1,0,0,1,0.0000,64,3,0,0,0,0,0,0.0000
1777041277278,16,HYBRID_FEE_LOCALITY,1,0,0,1,0.0000,70,2,0,0,0,0,0,0.0000
1777041277746,17,HYBRID_FEE_LOCALITY,2,0,0,1,0.0000,58,6,0,0,0,0,0,0.0000
1777041277903,18,HYBRID_FEE_LOCALITY,1,0,0,1,0.0000,50,1,0,0,0,0,0,0.0000
1777041279076,19,HYBRID_FEE_LOCALITY,4,0,0,1,0.0000,58,4,0,0,0,0,0,0.0000
1777041279625,20,HYBRID_FEE_LOCALITY,4,0,0,1,0.0000,47,3,0,0,0,0,0,0.0000
1777041280106,21,HYBRID_FEE_LOCALITY,1,0,0,1,0.0000,26,0,0,0,0,0,0,0.0000
1777041280181,22,HYBRID_FEE_LOCALITY,1,0,0,1,0.0000,16,1,0,0,0,0,0,0.0000
1777041280632,23,HYBRID_FEE_LOCALITY,1,0,0,1,0.0000,12,1,0,0,0,0,0,0.0000
1777041280887,24,HYBRID_FEE_LOCALITY,0,0,0,1,0.0000,0,0,0,0,0,0,0,0.0000
1777041281063,25,HYBRID_FEE_LOCALITY,0,0,0,1,0.0000,0,0,0,0,0,0,0,0.0000
1777041281244,26,HYBRID_FEE_LOCALITY,0,0,0,1,0.0000,0,0,0,0,0,0,0,0.0000
1777041282003,27,HYBRID_FEE_LOCALITY,0,0,0,1,0.0000,0,0,0,0,0,0,0,0.0000
1777041283003,28,HYBRID_FEE_LOCALITY,0,0,0,1,0.0000,0,0,0,0,0,0,0,0.0000
1777041284003,29,HYBRID_FEE_LOCALITY,0,0,0,1,0.0000,0,0,0,0,0,0,0,0.0000
1777041285003,30,HYBRID_FEE_LOCALITY,0,0,0,1,0.0000,0,0,0,0,0,0,0,0.0000
1777041286002,31,HYBRID_FEE_LOCALITY,0,0,0,1,0.0000,0,0,0,0,0,0,0,0.0000
1777041287023,32,HYBRID_FEE_LOCALITY,0,0,0,1,0.0000,0,0,0,0,0,0,0,0.0000
1777041288008,33,HYBRID_FEE_LOCALITY,0,0,0,1,0.0000,0,0,0,0,0,0,0,0.0000
1777041289015,34,HYBRID_FEE_LOCALITY,0,0,0,1,0.0000,0,0,0,0,0,0,0,0.0000
1777041290128,35,HYBRID_FEE_LOCALITY,0,0,0,1,0.0000,0,0,0,0,0,0,0,0.0000
1777041291025,36,HYBRID_FEE_LOCALITY,0,0,0,1,0.0000,0,0,0,0,0,0,0,0.0000
1777041293026,37,HYBRID_FEE_LOCALITY,0,0,0,1,0.0000,0,0,0,0,0,0,0,0.0000
1777041293142,38,HYBRID_FEE_LOCALITY,0,0,0,1,0.0000,0,0,0,0,0,0,0,0.0000
1777041294055,39,HYBRID_FEE_LOCALITY,0,0,0,1,0.0000,0,0,0,0,0,0,0,0.0000
1777041296073,40,HYBRID_FEE_LOCALITY,41,0,311,49,0.0000,1504,1052,0,0,0,0,0,0.0000
1777041299049,41,HYBRID_FEE_LOCALITY,50,2357,521,60,0.8190,88380,950,2,0,150,0,150,0.1579
1777041300830,42,HYBRID_FEE_LOCALITY,63,5359,0,60,1.0000,14112,654,1,0,73,0,73,0.1116
1777041302996,43,HYBRID_FEE_LOCALITY,52,8794,0,60,1.0000,35090,520,1,0,64,0,64,0.1231
1777041304619,44,HYBRID_FEE_LOCALITY,57,11041,0,60,1.0000,34613,615,1,0,50,0,50,0.0813
1777041306862,45,HYBRID_FEE_LOCALITY,54,13865,0,60,1.0000,48699,660,1,0,48,0,48,0.0727
1777041309957,46,HYBRID_FEE_LOCALITY,63,16436,0,60,1.0000,71118,1612,2,0,155,0,155,0.0962
1777041312303,47,HYBRID_FEE_LOCALITY,61,19814,0,60,1.0000,43905,619,1,0,44,0,44,0.0711
1777041314726,48,HYBRID_FEE_LOCALITY,57,22558,0,60,1.0000,56977,619,1,0,33,0,33,0.0533
1777041316660,49,HYBRID_FEE_LOCALITY,58,22525,0,60,1.0000,50258,514,1,0,31,0,31,0.0603
1777041319184,50,HYBRID_FEE_LOCALITY,61,22496,0,60,1.0000,49558,624,1,0,21,0,21,0.0337
1777041322463,51,HYBRID_FEE_LOCALITY,60,22473,0,60,1.0000,40426,561,1,0,19,0,19,0.0339
1777041324956,52,HYBRID_FEE_LOCALITY,63,22425,0,60,1.0000,41974,723,0,0,0,0,0,0.0000
1777041326880,53,HYBRID_FEE_LOCALITY,68,22372,0,60,1.0000,39668,702,1,0,54,0,54,0.0769
1777041329776,54,HYBRID_FEE_LOCALITY,66,22312,0,60,1.0000,43767,805,1,0,19,0,19,0.0236
1777041336171,55,HYBRID_FEE_LOCALITY,59,22252,0,60,1.0000,45897,5039,1,0,35,0,35,0.0069
1777041338929,56,HYBRID_FEE_LOCALITY,57,22209,0,60,1.0000,88888,1020,0,0,0,0,0,0.0000
1777041346019,57,HYBRID_FEE_LOCALITY,57,15435,0,60,1.0000,48069,2472,1,0,89,0,89,0.0360
1777041349878,58,HYBRID_FEE_LOCALITY,56,9136,0,60,1.0000,32226,1798,1,0,56,0,56,0.0311
1777041353120,59,HYBRID_FEE_LOCALITY,56,3444,0,60,1.0000,6441,695,1,0,35,0,35,0.0504
1777041356517,60,HYBRID_FEE_LOCALITY,34,842,0,60,1.0000,1677,669,0,0,0,0,0,0.0000
1777041357623,61,HYBRID_FEE_LOCALITY,0,1,0,60,1.0000,5,4,0,0,0,0,0,0.0000
1777041358257,62,HYBRID_FEE_LOCALITY,0,8,0,60,1.0000,25,10,0,0,0,0,0,0.0000
1777041358525,63,HYBRID_FEE_LOCALITY,1,28,0,60,1.0000,322,43,0,0,0,0,0,0.0000
1777041360018,64,HYBRID_FEE_LOCALITY,1,115,0,60,1.0000,377,20,0,0,0,0,0,0.0000
1777041361379,65,HYBRID_FEE_LOCALITY,0,123,0,60,1.0000,380,10,0,0,0,0,0,0.0000
1777041361740,66,HYBRID_FEE_LOCALITY,0,126,0,60,1.0000,375,2,0,0,0,0,0,0.0000
1777041362780,67,HYBRID_FEE_LOCALITY,0,123,5,58,0.9609,431,10,0,0,0,0,0,0.0000
1777041363203,68,HYBRID_FEE_LOCALITY,0,123,7,56,0.9462,443,2,0,0,0,0,0,0.0000
1777041364822,69,HYBRID_FEE_LOCALITY,0,128,8,56,0.9412,557,2,0,0,0,0,0,0.0000
1777041364890,70,HYBRID_FEE_LOCALITY,0,107,29,48,0.7868,714,2,0,0,0,0,0,0.0000
1777041366987,71,HYBRID_FEE_LOCALITY,0,114,36,44,0.7600,868,11,0,0,0,0,0,0.0000
1777041367050,72,HYBRID_FEE_LOCALITY,0,110,42,40,0.7237,782,2,0,0,0,0,0,0.0000
1777041367762,73,HYBRID_FEE_LOCALITY,0,113,43,38,0.7244,809,2,0,0,0,0,0,0.0000
1777041367862,74,HYBRID_FEE_LOCALITY,0,106,51,34,0.6752,816,2,0,0,0,0,0,0.0000
1777041368094,75,HYBRID_FEE_LOCALITY,0,69,89,26,0.4367,785,4,0,0,0,0,0,0.0000
1777041368318,76,HYBRID_FEE_LOCALITY,0,46,112,18,0.2911,732,2,0,0,0,0,0,0.0000
1777041369522,77,HYBRID_FEE_LOCALITY,0,18,48,16,0.2727,300,1,0,0,0,0,0,0.0000
1777041369988,78,HYBRID_FEE_LOCALITY,0,14,54,8,0.2059,239,9,0,0,0,0,0,0.0000
1777041371265,79,HYBRID_FEE_LOCALITY,0,10,161,4,0.0585,509,2,0,0,0,0,0,0.0000
1777041371500,80,HYBRID_FEE_LOCALITY,0,0,171,0,0.0000,232,3,0,0,0,0,0,0.0000
1777041371769,81,HYBRID_FEE_LOCALITY,0,0,173,0,0.0000,347,2,0,0,0,0,0,0.0000
1777041372626,82,HYBRID_FEE_LOCALITY,0,0,176,0,0.0000,290,2,0,0,0,0,0,0.0000
1777041373039,83,HYBRID_FEE_LOCALITY,0,0,179,0,0.0000,293,2,0,0,0,0,0,0.0000
1777041373140,84,HYBRID_FEE_LOCALITY,0,0,180,0,0.0000,360,11,0,0,0,0,0,0.0000
1777041374945,85,HYBRID_FEE_LOCALITY,0,0,191,0,0.0000,340,4,0,0,0,0,0,0.0000
1777041375817,86,HYBRID_FEE_LOCALITY,0,0,193,0,0.0000,337,2,0,0,0,0,0,0.0000
1777041376943,87,HYBRID_FEE_LOCALITY,0,0,198,0,0.0000,530,2,0,0,0,0,0,0.0000
1777041377017,88,HYBRID_FEE_LOCALITY,0,0,199,0,0.0000,401,12,0,0,0,0,0,0.0000
1777041378017,89,HYBRID_FEE_LOCALITY,0,0,199,0,0.0000,319,9,0,0,0,0,0,0.0000
1777041378070,90,HYBRID_FEE_LOCALITY,0,0,199,0,0.0000,348,2,0,0,0,0,0,0.0000
1777041378611,91,HYBRID_FEE_LOCALITY,0,0,200,0,0.0000,330,11,0,0,0,0,0,0.0000
1777041378794,92,HYBRID_FEE_LOCALITY,0,0,201,0,0.0000,413,14,0,0,0,0,0,0.0000
1777041379151,93,HYBRID_FEE_LOCALITY,0,0,201,0,0.0000,244,9,0,0,0,0,0,0.0000
1777041381171,94,HYBRID_FEE_LOCALITY,0,0,215,0,0.0000,245,32,0,0,0,0,0,0.0000
1777041382660,95,HYBRID_FEE_LOCALITY,0,0,225,0,0.0000,293,10,0,0,0,0,0,0.0000
1777041383549,96,HYBRID_FEE_LOCALITY,0,0,227,0,0.0000,308,2,0,0,0,0,0,0.0000
1777041384174,97,HYBRID_FEE_LOCALITY,0,0,228,0,0.0000,288,2,0,0,0,0,0,0.0000
1777041384784,98,HYBRID_FEE_LOCALITY,0,0,232,0,0.0000,297,2,0,0,0,0,0,0.0000
1777041385220,99,HYBRID_FEE_LOCALITY,0,0,235,0,0.0000,298,2,0,0,0,0,0,0.0000
1777041385554,100,HYBRID_FEE_LOCALITY,0,0,236,0,0.0000,305,7,0,0,0,0,0,0.0000
1777041385704,101,HYBRID_FEE_LOCALITY,0,0,236,0,0.0000,280,2,0,0,0,0,0,0.0000
1777041386480,102,HYBRID_FEE_LOCALITY,0,0,238,0,0.0000,315,12,0,0,0,0,0,0.0000
1777041387877,103,HYBRID_FEE_LOCALITY,0,0,250,0,0.0000,337,7,0,0,0,0,0,0.0000
1777041390889,104,HYBRID_FEE_LOCALITY,0,0,273,0,0.0000,329,2,0,0,0,0,0,0.0000
1777041393706,105,HYBRID_FEE_LOCALITY,0,0,292,0,0.0000,338,2,0,0,0,0,0,0.0000
1777041394384,106,HYBRID_FEE_LOCALITY,0,0,302,0,0.0000,423,4,0,0,0,0,0,0.0000
1777041394648,107,HYBRID_FEE_LOCALITY,0,0,302,0,0.0000,428,3,0,0,0,0,0,0.0000
1777041395543,108,HYBRID_FEE_LOCALITY,0,0,118,0,0.0000,174,1,0,0,0,0,0,0.0000
1777041396064,109,HYBRID_FEE_LOCALITY,0,0,123,0,0.0000,150,1,0,0,0,0,0,0.0000
1777041397094,110,HYBRID_FEE_LOCALITY,0,0,234,0,0.0000,325,10,0,0,0,0,0,0.0000
1777041397689,111,HYBRID_FEE_LOCALITY,0,0,241,0,0.0000,407,2,0,0,0,0,0,0.0000
1777041399686,112,HYBRID_FEE_LOCALITY,0,0,260,0,0.0000,414,5,0,0,0,0,0,0.0000
1777041399898,113,HYBRID_FEE_LOCALITY,0,0,261,0,0.0000,428,2,0,0,0,0,0,0.0000
1777041400688,114,HYBRID_FEE_LOCALITY,0,0,265,0,0.0000,577,39,0,0,0,0,0,0.0000
1777041401099,115,HYBRID_FEE_LOCALITY,0,0,273,0,0.0000,478,10,0,0,0,0,0,0.0000
1777041401353,116,HYBRID_FEE_LOCALITY,0,0,276,0,0.0000,472,8,0,0,0,0,0,0.0000
1777041401880,117,HYBRID_FEE_LOCALITY,0,0,285,0,0.0000,502,6,0,0,0,0,0,0.0000
1777041403420,118,HYBRID_FEE_LOCALITY,0,0,295,0,0.0000,494,10,0,0,0,0,0,0.0000
1777041403939,119,HYBRID_FEE_LOCALITY,0,0,302,0,0.0000,562,3,0,0,0,0,0,0.0000
1777041404009,120,HYBRID_FEE_LOCALITY,0,0,303,0,0.0000,516,8,0,0,0,0,0,0.0000
1777041404266,121,HYBRID_FEE_LOCALITY,0,0,306,0,0.0000,540,3,0,0,0,0,0,0.0000
1777041404680,122,HYBRID_FEE_LOCALITY,0,0,312,0,0.0000,835,5,0,0,0,0,0,0.0000
1777041404731,123,HYBRID_FEE_LOCALITY,0,0,312,0,0.0000,528,3,0,0,0,0,0,0.0000
1777041405784,124,HYBRID_FEE_LOCALITY,0,0,322,0,0.0000,351,2,0,0,0,0,0,0.0000
1777041407791,125,HYBRID_FEE_LOCALITY,0,0,338,0,0.0000,326,3,0,0,0,0,0,0.0000
1777041409517,126,HYBRID_FEE_LOCALITY,0,0,358,0,0.0000,441,3,0,0,0,0,0,0.0000
1777041409854,127,HYBRID_FEE_LOCALITY,0,0,359,0,0.0000,10617,16,0,0,0,0,0,0.0000
1777041410919,128,HYBRID_FEE_LOCALITY,0,0,367,0,0.0000,457,3,0,0,0,0,0,0.0000
1777041412466,129,HYBRID_FEE_LOCALITY,0,0,385,0,0.0000,486,8,0,0,0,0,0,0.0000
1777041413803,130,HYBRID_FEE_LOCALITY,0,0,394,0,0.0000,503,3,0,0,0,0,0,0.0000
1777041415292,131,HYBRID_FEE_LOCALITY,0,0,410,0,0.0000,519,3,0,0,0,0,0,0.0000
1777041416200,132,HYBRID_FEE_LOCALITY,0,0,417,0,0.0000,518,3,0,0,0,0,0,0.0000
1777041416537,133,HYBRID_FEE_LOCALITY,0,0,422,0,0.0000,519,7,0,0,0,0,0,0.0000
1777041417400,134,HYBRID_FEE_LOCALITY,0,0,428,0,0.0000,551,3,0,0,0,0,0,0.0000
1777041417574,135,HYBRID_FEE_LOCALITY,0,0,430,0,0.0000,448,8,0,0,0,0,0,0.0000
1777041418487,136,HYBRID_FEE_LOCALITY,0,0,433,0,0.0000,494,6,0,0,0,0,0,0.0000
1777041418814,137,HYBRID_FEE_LOCALITY,0,0,434,0,0.0000,468,3,0,0,0,0,0,0.0000
1777041420374,138,HYBRID_FEE_LOCALITY,0,0,173,0,0.0000,235,105,1,0,94,0,94,0.8952
1777041422050,139,HYBRID_FEE_LOCALITY,0,0,273,0,0.0000,410,2,0,0,0,0,0,0.0000
1777041423363,140,HYBRID_FEE_LOCALITY,0,0,273,0,0.0000,384,2,0,0,0,0,0,0.0000
1777041423829,141,HYBRID_FEE_LOCALITY,0,0,273,0,0.0000,403,11,0,0,0,0,0,0.0000
1777041424632,142,HYBRID_FEE_LOCALITY,0,0,273,0,0.0000,389,2,0,0,0,0,0,0.0000
1777041425598,143,HYBRID_FEE_LOCALITY,0,0,273,0,0.0000,394,2,0,0,0,0,0,0.0000
1777041426599,144,HYBRID_FEE_LOCALITY,0,0,273,0,0.0000,336,2,0,0,0,0,0,0.0000
1777041427523,145,HYBRID_FEE_LOCALITY,0,0,273,0,0.0000,395,2,0,0,0,0,0,0.0000
1777041428572,146,HYBRID_FEE_LOCALITY,0,0,273,0,0.0000,319,9,0,0,0,0,0,0.0000
1777041429824,147,HYBRID_FEE_LOCALITY,0,0,273,0,0.0000,349,8,0,0,0,0,0,0.0000
1777041429992,148,HYBRID_FEE_LOCALITY,0,0,273,0,0.0000,327,2,0,0,0,0,0,0.0000
1777041431696,149,HYBRID_FEE_LOCALITY,0,0,273,0,0.0000,391,2,0,0,0,0,0,0.0000
1777041432384,150,HYBRID_FEE_LOCALITY,0,0,273,0,0.0000,329,2,0,0,0,0,0,0.0000
1777041433530,151,HYBRID_FEE_LOCALITY,0,0,273,0,0.0000,398,2,0,0,0,0,0,0.0000
1777041434714,152,HYBRID_FEE_LOCALITY,0,0,110,0,0.0000,132,1,1,0,69,0,69,69.0000
1777041436270,153,HYBRID_FEE_LOCALITY,0,0,210,0,0.0000,326,10,0,0,0,0,0,0.0000
1777041436499,154,HYBRID_FEE_LOCALITY,0,0,210,0,0.0000,391,8,0,0,0,0,0,0.0000
1777041437227,155,HYBRID_FEE_LOCALITY,0,0,210,0,0.0000,423,2,0,0,0,0,0,0.0000
1777041437959,156,HYBRID_FEE_LOCALITY,0,0,210,0,0.0000,293,1,0,0,0,0,0,0.0000
1777041438442,157,HYBRID_FEE_LOCALITY,0,0,210,0,0.0000,299,6,0,0,0,0,0,0.0000
1777041439010,158,HYBRID_FEE_LOCALITY,0,0,210,0,0.0000,320,2,0,0,0,0,0,0.0000
1777041440112,159,HYBRID_FEE_LOCALITY,0,0,210,0,0.0000,318,2,0,0,0,0,0,0.0000
1777041441413,160,HYBRID_FEE_LOCALITY,0,0,210,0,0.0000,331,12,0,0,0,0,0,0.0000
1777041442017,161,HYBRID_FEE_LOCALITY,0,0,210,0,0.0000,314,2,0,0,0,0,0,0.0000
1777041443026,162,HYBRID_FEE_LOCALITY,0,0,210,0,0.0000,302,2,0,0,0,0,0,0.0000
1777041444021,163,HYBRID_FEE_LOCALITY,0,0,210,0,0.0000,270,1,0,0,0,0,0,0.0000
1777041445037,164,HYBRID_FEE_LOCALITY,0,0,210,0,0.0000,303,2,0,0,0,0,0,0.0000
1777041446008,165,HYBRID_FEE_LOCALITY,0,0,210,0,0.0000,283,1,0,0,0,0,0,0.0000
1777041447009,166,HYBRID_FEE_LOCALITY,0,0,210,0,0.0000,264,1,0,0,0,0,0,0.0000
1777041448011,167,HYBRID_FEE_LOCALITY,0,0,210,0,0.0000,168,1,0,0,0,0,0,0.0000
1777041449009,168,HYBRID_FEE_LOCALITY,0,0,210,0,0.0000,153,2,0,0,0,0,0,0.0000
1777041450012,169,HYBRID_FEE_LOCALITY,0,0,210,0,0.0000,244,2,0,0,0,0,0,0.0000
1777041451016,170,HYBRID_FEE_LOCALITY,0,0,210,0,0.0000,237,1,0,0,0,0,0,0.0000
1777041452014,171,HYBRID_FEE_LOCALITY,0,0,210,0,0.0000,254,2,0,0,0,0,0,0.0000
1777041453007,172,HYBRID_FEE_LOCALITY,0,0,210,0,0.0000,247,1,0,0,0,0,0,0.0000
1777041454007,173,HYBRID_FEE_LOCALITY,0,0,210,0,0.0000,133,1,0,0,0,0,0,0.0000
1777041455013,174,HYBRID_FEE_LOCALITY,0,0,210,0,0.0000,242,1,0,0,0,0,0,0.0000
1777041456004,175,HYBRID_FEE_LOCALITY,0,0,210,0,0.0000,242,1,0,0,0,0,0,0.0000
1777041457003,176,HYBRID_FEE_LOCALITY,0,0,210,0,0.0000,148,1,0,0,0,0,0,0.0000
1777041458004,177,HYBRID_FEE_LOCALITY,0,0,210,0,0.0000,245,1,0,0,0,0,0,0.0000
1777041459003,178,HYBRID_FEE_LOCALITY,0,0,210,0,0.0000,138,1,0,0,0,0,0,0.0000
1777041460441,179,HYBRID_FEE_LOCALITY,48,0,1295,60,0.0000,1885,439,1,0,7,0,7,0.0159
1777041461753,180,HYBRID_FEE_LOCALITY,57,2910,0,60,1.0000,8121,588,1,0,5,0,5,0.0085
1777041463350,181,HYBRID_FEE_LOCALITY,66,5132,0,60,1.0000,7220,631,1,0,7,0,7,0.0111
1777041465020,182,HYBRID_FEE_LOCALITY,59,7547,0,60,1.0000,13123,640,1,0,9,0,9,0.0141
1777041466965,183,HYBRID_FEE_LOCALITY,73,10311,0,60,1.0000,17772,668,2,0,18,0,18,0.0269
1777041469897,184,HYBRID_FEE_LOCALITY,56,13164,0,60,1.0000,23294,1022,2,0,25,0,25,0.0245
1777041471648,185,HYBRID_FEE_LOCALITY,54,7266,0,60,1.0000,11481,729,1,0,31,0,31,0.0425
1777041473047,186,HYBRID_FEE_LOCALITY,59,3722,0,60,1.0000,7190,625,1,0,31,0,31,0.0496
1777041474848,187,HYBRID_FEE_LOCALITY,12,854,0,60,1.0000,2655,148,1,0,30,0,30,0.2027
1777041475381,188,HYBRID_FEE_LOCALITY,2,833,0,60,1.0000,864,33,0,0,0,0,0,0.0000
1777041475755,189,HYBRID_FEE_LOCALITY,1,831,0,60,1.0000,1082,22,0,0,0,0,0,0.0000
1777041475940,190,HYBRID_FEE_LOCALITY,0,830,0,60,1.0000,1661,24,0,0,0,0,0,0.0000
1777041476227,191,HYBRID_FEE_LOCALITY,1,829,0,60,1.0000,1603,39,0,0,0,0,0,0.0000
1777041476379,192,HYBRID_FEE_LOCALITY,0,830,0,60,1.0000,1991,22,0,0,0,0,0,0.0000
1777041477136,193,HYBRID_FEE_LOCALITY,0,784,46,58,0.9446,4180,11,0,0,0,0,0,0.0000
1777041477819,194,HYBRID_FEE_LOCALITY,0,811,19,58,0.9771,3313,25,0,0,0,0,0,0.0000
1777041477923,195,HYBRID_FEE_LOCALITY,0,807,23,58,0.9723,2313,8,0,0,0,0,0,0.0000
1777041478380,196,HYBRID_FEE_LOCALITY,0,762,68,56,0.9181,3280,8,0,0,0,0,0,0.0000
1777041478495,197,HYBRID_FEE_LOCALITY,0,640,67,56,0.9052,13709,17,1,0,10,0,10,0.5882
1777041479014,198,HYBRID_FEE_LOCALITY,0,651,179,50,0.7843,3131,7,0,0,0,0,0,0.0000
1777041480020,199,HYBRID_FEE_LOCALITY,0,711,119,50,0.8566,4633,10,0,0,0,0,0,0.0000
1777041481025,200,HYBRID_FEE_LOCALITY,0,525,305,42,0.6325,2423,17,0,0,0,0,0,0.0000
1777041484343,201,HYBRID_FEE_LOCALITY,0,111,101,30,0.5236,1131,3,0,0,0,0,0,0.0000
1777041484570,202,HYBRID_FEE_LOCALITY,0,21,70,16,0.2308,398,1,0,0,0,0,0,0.0000
1777041487332,203,HYBRID_FEE_LOCALITY,0,18,53,12,0.2535,240,1,0,0,0,0,0,0.0000
1777041487517,204,HYBRID_FEE_LOCALITY,0,30,147,10,0.1695,511,2,0,0,0,0,0,0.0000
1777041487608,205,HYBRID_FEE_LOCALITY,0,23,157,6,0.1278,504,1,0,0,0,0,0,0.0000
1777041487742,206,HYBRID_FEE_LOCALITY,0,6,178,2,0.0326,489,2,0,0,0,0,0,0.0000
1777041488754,207,HYBRID_FEE_LOCALITY,0,7,209,2,0.0324,573,2,0,0,0,0,0,0.0000
1777041489005,208,HYBRID_FEE_LOCALITY,0,0,224,0,0.0000,408,2,0,0,0,0,0,0.0000
1777041490005,209,HYBRID_FEE_LOCALITY,0,0,255,0,0.0000,476,2,0,0,0,0,0,0.0000
1777041491005,210,HYBRID_FEE_LOCALITY,0,0,287,0,0.0000,526,2,0,0,0,0,0,0.0000
1777041492006,211,HYBRID_FEE_LOCALITY,0,0,308,0,0.0000,545,3,0,0,0,0,0,0.0000
1777041493004,212,HYBRID_FEE_LOCALITY,0,0,344,0,0.0000,484,2,0,0,0,0,0,0.0000
1777041494010,213,HYBRID_FEE_LOCALITY,0,0,504,0,0.0000,915,5,0,0,0,0,0,0.0000
1777041495008,214,HYBRID_FEE_LOCALITY,0,0,638,0,0.0000,1215,5,0,0,0,0,0,0.0000
1777041496504,215,HYBRID_FEE_LOCALITY,0,0,830,0,0.0000,2033,8,0,0,0,0,0,0.0000
1777041497299,216,HYBRID_FEE_LOCALITY,0,0,830,0,0.0000,1668,7,0,0,0,0,0,0.0000
1777041498011,217,HYBRID_FEE_LOCALITY,0,0,830,0,0.0000,2071,9,0,0,0,0,0,0.0000
1777041499011,218,HYBRID_FEE_LOCALITY,0,0,830,0,0.0000,917,5,0,0,0,0,0,0.0000
1777041500008,219,HYBRID_FEE_LOCALITY,0,0,830,0,0.0000,1578,5,0,0,0,0,0,0.0000
1777041501006,220,HYBRID_FEE_LOCALITY,0,0,830,0,0.0000,1030,5,0,0,0,0,0,0.0000
1777041502007,221,HYBRID_FEE_LOCALITY,0,0,830,0,0.0000,1161,5,0,0,0,0,0,0.0000
1777041503009,222,HYBRID_FEE_LOCALITY,0,0,830,0,0.0000,1425,6,0,0,0,0,0,0.0000
1777041504006,223,HYBRID_FEE_LOCALITY,0,0,830,0,0.0000,982,5,0,0,0,0,0,0.0000
1777041505008,224,HYBRID_FEE_LOCALITY,0,0,830,0,0.0000,1068,5,0,0,0,0,0,0.0000
1777041506009,225,HYBRID_FEE_LOCALITY,0,0,830,0,0.0000,1609,7,0,0,0,0,0,0.0000
1777041507008,226,HYBRID_FEE_LOCALITY,0,0,830,0,0.0000,1484,6,0,0,0,0,0,0.0000
1777041508008,227,HYBRID_FEE_LOCALITY,0,0,830,0,0.0000,1431,6,0,0,0,0,0,0.0000
1777041509009,228,HYBRID_FEE_LOCALITY,0,0,830,0,0.0000,1832,8,0,0,0,0,0,0.0000
1777041510006,229,HYBRID_FEE_LOCALITY,0,0,830,0,0.0000,996,4,0,0,0,0,0,0.0000
1777041511014,230,HYBRID_FEE_LOCALITY,0,0,830,0,0.0000,1235,13,0,0,0,0,0,0.0000
1777041512009,231,HYBRID_FEE_LOCALITY,0,0,830,0,0.0000,1719,7,0,0,0,0,0,0.0000
1777041513006,232,HYBRID_FEE_LOCALITY,0,0,830,0,0.0000,1015,5,0,0,0,0,0,0.0000
1777041514006,233,HYBRID_FEE_LOCALITY,0,0,830,0,0.0000,1140,5,0,0,0,0,0,0.0000
1777041515007,234,HYBRID_FEE_LOCALITY,0,0,830,0,0.0000,1049,5,0,0,0,0,0,0.0000
1777041516006,235,HYBRID_FEE_LOCALITY,0,0,830,0,0.0000,1039,5,0,0,0,0,0,0.0000
1777041517006,236,HYBRID_FEE_LOCALITY,0,0,830,0,0.0000,1095,5,0,0,0,0,0,0.0000
1777041518007,237,HYBRID_FEE_LOCALITY,0,0,830,0,0.0000,1112,5,0,0,0,0,0,0.0000
1777041519008,238,HYBRID_FEE_LOCALITY,0,0,830,0,0.0000,1280,5,0,0,0,0,0,0.0000
1777041520109,239,HYBRID_FEE_LOCALITY,0,0,830,0,0.0000,1211,6,0,0,0,0,0,0.0000
1777041521010,240,HYBRID_FEE_LOCALITY,0,0,830,0,0.0000,1505,7,0,0,0,0,0,0.0000
1777041522013,241,HYBRID_FEE_LOCALITY,0,0,830,0,0.0000,2252,9,0,0,0,0,0,0.0000
1777041523373,242,HYBRID_FEE_LOCALITY,0,0,830,0,0.0000,1927,8,0,0,0,0,0,0.0000
1777041525686,243,HYBRID_FEE_LOCALITY,0,0,830,0,0.0000,24768,29,1,0,23,0,23,0.7931
1777041526088,244,HYBRID_FEE_LOCALITY,0,0,830,0,0.0000,1666,7,0,0,0,0,0,0.0000
1777041527015,245,HYBRID_FEE_LOCALITY,0,0,830,0,0.0000,1107,5,0,0,0,0,0,0.0000
1777041527407,246,HYBRID_FEE_LOCALITY,0,0,830,0,0.0000,1985,9,0,0,0,0,0,0.0000
1777041528181,247,HYBRID_FEE_LOCALITY,0,0,830,0,0.0000,1597,6,0,0,0,0,0,0.0000
1777041529009,248,HYBRID_FEE_LOCALITY,0,0,830,0,0.0000,1578,7,0,0,0,0,0,0.0000
1777041530010,249,HYBRID_FEE_LOCALITY,0,0,830,0,0.0000,1538,7,0,0,0,0,0,0.0000
1777041531005,250,HYBRID_FEE_LOCALITY,0,0,424,0,0.0000,757,3,0,0,0,0,0,0.0000
1777041532007,251,HYBRID_FEE_LOCALITY,0,0,830,0,0.0000,1157,5,0,0,0,0,0,0.0000
1777041533010,252,HYBRID_FEE_LOCALITY,0,0,830,0,0.0000,1852,8,0,0,0,0,0,0.0000
1777041534011,253,HYBRID_FEE_LOCALITY,0,0,830,0,0.0000,1676,8,0,0,0,0,0,0.0000
1777041535014,254,HYBRID_FEE_LOCALITY,0,0,830,0,0.0000,1850,11,0,0,0,0,0,0.0000
1777041536011,255,HYBRID_FEE_LOCALITY,0,0,830,0,0.0000,1690,8,0,0,0,0,0,0.0000
1777041537010,256,HYBRID_FEE_LOCALITY,0,0,830,0,0.0000,2051,8,0,0,0,0,0,0.0000
1777041538015,257,HYBRID_FEE_LOCALITY,0,0,830,0,0.0000,2028,8,0,0,0,0,0,0.0000
1777041539010,258,HYBRID_FEE_LOCALITY,0,0,830,0,0.0000,1717,8,0,0,0,0,0,0.0000
1777041540010,259,HYBRID_FEE_LOCALITY,0,0,505,0,0.0000,953,4,0,0,0,0,0,0.0000
1777041541011,260,HYBRID_FEE_LOCALITY,0,0,372,0,0.0000,682,3,0,0,0,0,0,0.0000
1777041542005,261,HYBRID_FEE_LOCALITY,0,0,198,0,0.0000,457,2,0,0,0,0,0,0.0000
1777041543003,262,HYBRID_FEE_LOCALITY,0,0,120,0,0.0000,202,1,0,0,0,0,0,0.0000
1777041544004,263,HYBRID_FEE_LOCALITY,0,0,287,0,0.0000,391,2,0,0,0,0,0,0.0000
1777041545006,264,HYBRID_FEE_LOCALITY,0,0,353,0,0.0000,604,2,0,0,0,0,0,0.0000
1777041546006,265,HYBRID_FEE_LOCALITY,0,0,475,0,0.0000,913,4,0,0,0,0,0,0.0000
1777041547024,266,HYBRID_FEE_LOCALITY,0,0,830,0,0.0000,3317,14,0,0,0,0,0,0.0000
1777041548010,267,HYBRID_FEE_LOCALITY,0,0,830,0,0.0000,1559,8,0,0,0,0,0,0.0000
1777041549011,268,HYBRID_FEE_LOCALITY,0,0,830,0,0.0000,1633,8,0,0,0,0,0,0.0000
1777041550009,269,HYBRID_FEE_LOCALITY,0,0,830,0,0.0000,1279,6,0,0,0,0,0,0.0000
1777041551014,270,HYBRID_FEE_LOCALITY,0,0,830,0,0.0000,1560,8,0,0,0,0,0,0.0000
1777041552014,271,HYBRID_FEE_LOCALITY,0,0,830,0,0.0000,1628,8,0,0,0,0,0,0.0000
1777041553010,272,HYBRID_FEE_LOCALITY,0,0,830,0,0.0000,1606,7,0,0,0,0,0,0.0000
1777041554010,273,HYBRID_FEE_LOCALITY,0,0,830,0,0.0000,1602,7,0,0,0,0,0,0.0000
1777041555010,274,HYBRID_FEE_LOCALITY,0,0,830,0,0.0000,1563,8,0,0,0,0,0,0.0000
1777041556006,275,HYBRID_FEE_LOCALITY,0,0,347,0,0.0000,643,3,0,0,0,0,0,0.0000
1777041557004,276,HYBRID_FEE_LOCALITY,0,0,160,0,0.0000,276,1,0,0,0,0,0,0.0000
1777041558003,277,HYBRID_FEE_LOCALITY,0,0,84,0,0.0000,166,1,0,0,0,0,0,0.0000
1777041559003,278,HYBRID_FEE_LOCALITY,0,0,56,0,0.0000,111,0,0,0,0,0,0,0.0000
1777041560004,279,HYBRID_FEE_LOCALITY,0,0,45,0,0.0000,111,1,0,0,0,0,0,0.0000
1777041561023,280,HYBRID_FEE_LOCALITY,0,0,79,0,0.0000,124,1,0,0,0,0,0,0.0000
1777041562528,281,HYBRID_FEE_LOCALITY,0,0,235,0,0.0000,415,2,0,0,0,0,0,0.0000
1777041563004,282,HYBRID_FEE_LOCALITY,0,0,260,0,0.0000,338,2,0,0,0,0,0,0.0000
1777041564006,283,HYBRID_FEE_LOCALITY,0,0,294,0,0.0000,378,2,0,0,0,0,0,0.0000
1777041565005,284,HYBRID_FEE_LOCALITY,0,0,322,0,0.0000,620,3,0,0,0,0,0,0.0000
1777041567218,285,HYBRID_FEE_LOCALITY,0,0,634,0,0.0000,1263,5,0,0,0,0,0,0.0000
1777041567969,286,HYBRID_FEE_LOCALITY,0,0,680,0,0.0000,1503,7,0,0,0,0,0,0.0000
1777041568230,287,HYBRID_FEE_LOCALITY,0,0,693,0,0.0000,1572,7,0,0,0,0,0,0.0000
1777041569013,288,HYBRID_FEE_LOCALITY,0,0,734,0,0.0000,1639,8,0,0,0,0,0,0.0000
1777041570010,289,HYBRID_FEE_LOCALITY,0,0,765,0,0.0000,1897,8,0,0,0,0,0,0.0000
1777041571201,290,HYBRID_FEE_LOCALITY,0,0,809,0,0.0000,1694,7,0,0,0,0,0,0.0000
1777041572011,291,HYBRID_FEE_LOCALITY,0,0,830,0,0.0000,1986,7,0,0,0,0,0,0.0000
1777041573267,292,HYBRID_FEE_LOCALITY,0,0,366,0,0.0000,675,3,0,0,0,0,0,0.0000
1777041574003,293,HYBRID_FEE_LOCALITY,0,0,167,0,0.0000,304,1,0,0,0,0,0,0.0000
1777041575002,294,HYBRID_FEE_LOCALITY,0,0,82,0,0.0000,148,1,0,0,0,0,0,0.0000
1777041576003,295,HYBRID_FEE_LOCALITY,0,0,52,0,0.0000,194,1,0,0,0,0,0,0.0000
1777041577313,296,HYBRID_FEE_LOCALITY,0,0,79,0,0.0000,176,1,0,0,0,0,0,0.0000
1777041578003,297,HYBRID_FEE_LOCALITY,0,0,197,0,0.0000,408,2,0,0,0,0,0,0.0000
1777041579309,298,HYBRID_FEE_LOCALITY,0,0,226,0,0.0000,482,2,0,0,0,0,0,0.0000
1777041580003,299,HYBRID_FEE_LOCALITY,0,0,243,0,0.0000,476,2,0,0,0,0,0,0.0000
1777041581006,300,HYBRID_FEE_LOCALITY,0,0,268,0,0.0000,606,3,0,0,0,0,0,0.0000
1777041582008,301,HYBRID_FEE_LOCALITY,0,0,284,0,0.0000,477,2,0,0,0,0,0,0.0000
1777041583006,302,HYBRID_FEE_LOCALITY,0,0,305,0,0.0000,740,3,0,0,0,0,0,0.0000
1777041584007,303,HYBRID_FEE_LOCALITY,0,0,323,0,0.0000,657,3,0,0,0,0,0,0.0000
1777041585006,304,HYBRID_FEE_LOCALITY,0,0,342,0,0.0000,726,3,0,0,0,0,0,0.0000
1777041586007,305,HYBRID_FEE_LOCALITY,0,0,359,0,0.0000,763,3,0,0,0,0,0,0.0000
1777041587006,306,HYBRID_FEE_LOCALITY,0,0,376,0,0.0000,798,4,0,0,0,0,0,0.0000
1777041588007,307,HYBRID_FEE_LOCALITY,0,0,417,0,0.0000,1199,4,0,0,0,0,0,0.0000
1777041589008,308,HYBRID_FEE_LOCALITY,0,0,436,0,0.0000,922,4,0,0,0,0,0,0.0000
1777041590006,309,HYBRID_FEE_LOCALITY,0,0,456,0,0.0000,985,4,0,0,0,0,0,0.0000
1777041591008,310,HYBRID_FEE_LOCALITY,0,0,474,0,0.0000,1198,5,0,0,0,0,0,0.0000
1777041592008,311,HYBRID_FEE_LOCALITY,0,0,498,0,0.0000,970,4,0,0,0,0,0,0.0000
1777041593005,312,HYBRID_FEE_LOCALITY,0,0,217,0,0.0000,479,2,0,0,0,0,0,0.0000
1777041594005,313,HYBRID_FEE_LOCALITY,0,0,109,0,0.0000,258,1,0,0,0,0,0,0.0000
1777041595006,314,HYBRID_FEE_LOCALITY,0,0,65,0,0.0000,179,1,0,0,0,0,0,0.0000
1777041596002,315,HYBRID_FEE_LOCALITY,0,0,38,0,0.0000,97,0,0,0,0,0,0,0.0000
1777041597212,316,HYBRID_FEE_LOCALITY,0,0,77,0,0.0000,183,1,0,0,0,0,0,0.0000
1777041598002,317,HYBRID_FEE_LOCALITY,0,0,44,0,0.0000,62,0,0,0,0,0,0,0.0000
1777041599005,318,HYBRID_FEE_LOCALITY,0,0,159,0,0.0000,750,3,0,0,0,0,0,0.0000
1777041600011,319,HYBRID_FEE_LOCALITY,0,0,182,0,0.0000,425,3,0,0,0,0,0,0.0000
1777041601004,320,HYBRID_FEE_LOCALITY,0,0,195,0,0.0000,437,3,0,0,0,0,0,0.0000
1777041603251,321,HYBRID_FEE_LOCALITY,0,0,326,0,0.0000,753,4,0,0,0,0,0,0.0000
1777041603324,322,HYBRID_FEE_LOCALITY,0,0,329,0,0.0000,802,5,0,0,0,0,0,0.0000
1777041604008,323,HYBRID_FEE_LOCALITY,0,0,347,0,0.0000,749,4,0,0,0,0,0,0.0000
1777041605007,324,HYBRID_FEE_LOCALITY,0,0,363,0,0.0000,773,4,0,0,0,0,0,0.0000
1777041606008,325,HYBRID_FEE_LOCALITY,0,0,383,0,0.0000,920,5,0,0,0,0,0,0.0000
1777041607009,326,HYBRID_FEE_LOCALITY,0,0,397,0,0.0000,937,5,0,0,0,0,0,0.0000
1777041608009,327,HYBRID_FEE_LOCALITY,0,0,409,0,0.0000,882,5,0,0,0,0,0,0.0000
1777041609008,328,HYBRID_FEE_LOCALITY,0,0,427,0,0.0000,843,4,0,0,0,0,0,0.0000
1777041610007,329,HYBRID_FEE_LOCALITY,0,0,446,0,0.0000,1031,5,0,0,0,0,0,0.0000
1777041611023,330,HYBRID_FEE_LOCALITY,0,0,459,0,0.0000,906,9,0,0,0,0,0,0.0000
1777041612259,331,HYBRID_FEE_LOCALITY,0,0,472,0,0.0000,932,4,0,0,0,0,0,0.0000
1777041613025,332,HYBRID_FEE_LOCALITY,0,0,196,0,0.0000,392,2,0,0,0,0,0,0.0000
1777041614003,333,HYBRID_FEE_LOCALITY,0,0,89,0,0.0000,172,1,0,0,0,0,0,0.0000
1777041615011,334,HYBRID_FEE_LOCALITY,0,0,45,0,0.0000,93,1,0,0,0,0,0,0.0000
1777041616016,335,HYBRID_FEE_LOCALITY,0,0,26,0,0.0000,106,4,0,0,0,0,0,0.0000
1777041617024,336,HYBRID_FEE_LOCALITY,0,0,21,0,0.0000,45,0,0,0,0,0,0,0.0000
1777041618008,337,HYBRID_FEE_LOCALITY,0,0,17,0,0.0000,32,0,0,0,0,0,0,0.0000
1777041619015,338,HYBRID_FEE_LOCALITY,0,0,130,0,0.0000,219,2,0,0,0,0,0,0.0000
1777041620006,339,HYBRID_FEE_LOCALITY,0,0,141,0,0.0000,258,1,0,0,0,0,0,0.0000
1777041621006,340,HYBRID_FEE_LOCALITY,0,0,150,0,0.0000,279,2,0,0,0,0,0,0.0000
1777041622310,341,HYBRID_FEE_LOCALITY,0,0,165,0,0.0000,269,1,0,0,0,0,0,0.0000
1777041623006,342,HYBRID_FEE_LOCALITY,0,0,172,0,0.0000,375,2,0,0,0,0,0,0.0000
1777041624016,343,HYBRID_FEE_LOCALITY,0,0,181,0,0.0000,329,2,0,0,0,0,0,0.0000
1777041625015,344,HYBRID_FEE_LOCALITY,0,0,190,0,0.0000,482,2,0,0,0,0,0,0.0000
1777041626010,345,HYBRID_FEE_LOCALITY,0,0,206,0,0.0000,641,3,0,0,0,0,0,0.0000
1777041627010,346,HYBRID_FEE_LOCALITY,0,0,215,0,0.0000,401,2,0,0,0,0,0,0.0000
1777041628006,347,HYBRID_FEE_LOCALITY,0,0,220,0,0.0000,652,3,0,0,0,0,0,0.0000
1777041629008,348,HYBRID_FEE_LOCALITY,0,0,233,0,0.0000,520,2,0,0,0,0,0,0.0000
1777041630008,349,HYBRID_FEE_LOCALITY,0,0,246,0,0.0000,538,3,0,0,0,0,0,0.0000
1777041631545,350,HYBRID_FEE_LOCALITY,0,0,255,0,0.0000,522,4,0,0,0,0,0,0.0000
1777041632027,351,HYBRID_FEE_LOCALITY,0,0,260,0,0.0000,712,3,0,0,0,0,0,0.0000
1777041633005,352,HYBRID_FEE_LOCALITY,0,0,271,0,0.0000,496,2,0,0,0,0,0,0.0000
1777041634007,353,HYBRID_FEE_LOCALITY,0,0,117,0,0.0000,221,1,0,0,0,0,0,0.0000
1777041635006,354,HYBRID_FEE_LOCALITY,0,0,53,0,0.0000,109,0,0,0,0,0,0,0.0000
1777041636002,355,HYBRID_FEE_LOCALITY,0,0,25,0,0.0000,55,0,0,0,0,0,0,0.0000
1777041637002,356,HYBRID_FEE_LOCALITY,0,0,18,0,0.0000,35,0,0,0,0,0,0,0.0000
1777041638003,357,HYBRID_FEE_LOCALITY,0,0,12,0,0.0000,24,0,0,0,0,0,0,0.0000
1777041639156,358,HYBRID_FEE_LOCALITY,0,0,13,0,0.0000,24,0,0,0,0,0,0,0.0000
1777041640003,359,HYBRID_FEE_LOCALITY,0,0,119,0,0.0000,254,1,0,0,0,0,0,0.0000
1777041641003,360,HYBRID_FEE_LOCALITY,0,0,131,0,0.0000,290,1,0,0,0,0,0,0.0000
1777041642003,361,HYBRID_FEE_LOCALITY,0,0,135,0,0.0000,268,1,0,0,0,0,0,0.0000
1777041643004,362,HYBRID_FEE_LOCALITY,0,0,148,0,0.0000,306,2,0,0,0,0,0,0.0000
1777041644031,363,HYBRID_FEE_LOCALITY,0,0,156,0,0.0000,335,2,0,0,0,0,0,0.0000
1777041645004,364,HYBRID_FEE_LOCALITY,0,0,165,0,0.0000,308,1,0,0,0,0,0,0.0000
1777041646004,365,HYBRID_FEE_LOCALITY,0,0,176,0,0.0000,329,1,0,0,0,0,0,0.0000
1777041647003,366,HYBRID_FEE_LOCALITY,0,0,183,0,0.0000,367,2,0,0,0,0,0,0.0000
1777041648005,367,HYBRID_FEE_LOCALITY,0,0,188,0,0.0000,499,2,0,0,0,0,0,0.0000
1777041649021,368,HYBRID_FEE_LOCALITY,0,0,200,0,0.0000,378,2,0,0,0,0,0,0.0000
1777041650004,369,HYBRID_FEE_LOCALITY,0,0,205,0,0.0000,392,2,0,0,0,0,0,0.0000
1777041651004,370,HYBRID_FEE_LOCALITY,0,0,218,0,0.0000,410,2,0,0,0,0,0,0.0000
1777041652010,371,HYBRID_FEE_LOCALITY,0,0,226,0,0.0000,466,5,0,0,0,0,0,0.0000
1777041653738,372,HYBRID_FEE_LOCALITY,0,0,235,0,0.0000,452,2,0,0,0,0,0,0.0000
1777041654379,373,HYBRID_FEE_LOCALITY,0,0,240,0,0.0000,445,2,0,0,0,0,0,0.0000
1777041655003,374,HYBRID_FEE_LOCALITY,0,0,102,0,0.0000,142,1,0,0,0,0,0,0.0000
1777041656002,375,HYBRID_FEE_LOCALITY,0,0,50,0,0.0000,87,0,0,0,0,0,0,0.0000
1777041657002,376,HYBRID_FEE_LOCALITY,0,0,27,0,0.0000,41,0,0,0,0,0,0,0.0000
1777041658002,377,HYBRID_FEE_LOCALITY,0,0,15,0,0.0000,23,0,0,0,0,0,0,0.0000
1777041659662,378,HYBRID_FEE_LOCALITY,0,0,7,0,0.0000,14,0,0,0,0,0,0,0.0000
1777041660001,379,HYBRID_FEE_LOCALITY,0,0,10,0,0.0000,15,0,0,0,0,0,0,0.0000
1777041661005,380,HYBRID_FEE_LOCALITY,0,0,119,0,0.0000,201,1,0,0,0,0,0,0.0000
1777041662002,381,HYBRID_FEE_LOCALITY,0,0,131,0,0.0000,173,1,0,0,0,0,0,0.0000
1777041663003,382,HYBRID_FEE_LOCALITY,0,0,135,0,0.0000,186,1,0,0,0,0,0,0.0000
1777041664004,383,HYBRID_FEE_LOCALITY,0,0,140,0,0.0000,248,1,0,0,0,0,0,0.0000
1777041665004,384,HYBRID_FEE_LOCALITY,0,0,148,0,0.0000,271,1,0,0,0,0,0,0.0000
1777041666832,385,HYBRID_FEE_LOCALITY,0,0,163,0,0.0000,300,2,0,0,0,0,0,0.0000
1777041667160,386,HYBRID_FEE_LOCALITY,0,0,164,0,0.0000,212,1,0,0,0,0,0,0.0000
1777041668002,387,HYBRID_FEE_LOCALITY,0,0,172,0,0.0000,253,1,0,0,0,0,0,0.0000
1777041669004,388,HYBRID_FEE_LOCALITY,0,0,176,0,0.0000,304,2,0,0,0,0,0,0.0000
1777041670005,389,HYBRID_FEE_LOCALITY,0,0,185,0,0.0000,334,2,0,0,0,0,0,0.0000
1777041671004,390,HYBRID_FEE_LOCALITY,0,0,192,0,0.0000,346,2,0,0,0,0,0,0.0000
1777041672005,391,HYBRID_FEE_LOCALITY,0,0,200,0,0.0000,487,2,0,0,0,0,0,0.0000
1777041673014,392,HYBRID_FEE_LOCALITY,0,0,206,0,0.0000,982,4,0,0,0,0,0,0.0000
1777041674004,393,HYBRID_FEE_LOCALITY,0,0,212,0,0.0000,414,2,0,0,0,0,0,0.0000
1777041675756,394,HYBRID_FEE_LOCALITY,0,0,224,0,0.0000,412,2,0,0,0,0,0,0.0000
1777041678076,395,HYBRID_FEE_LOCALITY,0,0,42,0,0.0000,94,1,0,0,0,0,0,0.0000
1777041678104,396,HYBRID_FEE_LOCALITY,0,0,42,0,0.0000,101,1,0,0,0,0,0,0.0000
1777041678600,397,HYBRID_FEE_LOCALITY,0,0,20,0,0.0000,52,1,0,0,0,0,0,0.0000
1777041679075,398,HYBRID_FEE_LOCALITY,0,0,24,0,0.0000,57,0,0,0,0,0,0,0.0000
1777041680003,399,HYBRID_FEE_LOCALITY,0,0,14,0,0.0000,37,0,0,0,0,0,0,0.0000
1777041681002,400,HYBRID_FEE_LOCALITY,0,0,123,0,0.0000,178,1,0,0,0,0,0,0.0000
1777041682003,401,HYBRID_FEE_LOCALITY,0,0,129,0,0.0000,194,1,0,0,0,0,0,0.0000
1777041683003,402,HYBRID_FEE_LOCALITY,0,0,135,0,0.0000,236,1,0,0,0,0,0,0.0000
1777041684008,403,HYBRID_FEE_LOCALITY,0,0,141,0,0.0000,238,1,0,0,0,0,0,0.0000
1777041685004,404,HYBRID_FEE_LOCALITY,0,0,144,0,0.0000,201,1,0,0,0,0,0,0.0000
1777041686004,405,HYBRID_FEE_LOCALITY,0,0,155,0,0.0000,362,2,0,0,0,0,0,0.0000
1777041687006,406,HYBRID_FEE_LOCALITY,0,0,162,0,0.0000,367,2,0,0,0,0,0,0.0000
1777041688007,407,HYBRID_FEE_LOCALITY,0,0,168,0,0.0000,396,2,0,0,0,0,0,0.0000
1777041689006,408,HYBRID_FEE_LOCALITY,0,0,173,0,0.0000,357,2,0,0,0,0,0,0.0000
1777041690006,409,HYBRID_FEE_LOCALITY,0,0,180,0,0.0000,361,2,0,0,0,0,0,0.0000
1777041691004,410,HYBRID_FEE_LOCALITY,0,0,187,0,0.0000,345,2,0,0,0,0,0,0.0000
1777041692003,411,HYBRID_FEE_LOCALITY,0,0,191,0,0.0000,268,1,0,0,0,0,0,0.0000
1777041693004,412,HYBRID_FEE_LOCALITY,0,0,200,0,0.0000,380,2,0,0,0,0,0,0.0000
1777041694004,413,HYBRID_FEE_LOCALITY,0,0,207,0,0.0000,401,2,0,0,0,0,0,0.0000
1777041695004,414,HYBRID_FEE_LOCALITY,0,0,212,0,0.0000,370,2,0,0,0,0,0,0.0000
1777041696022,415,HYBRID_FEE_LOCALITY,0,0,217,0,0.0000,393,2,0,0,0,0,0,0.0000
1777041697003,416,HYBRID_FEE_LOCALITY,0,0,91,0,0.0000,182,1,0,0,0,0,0,0.0000
1777041698002,417,HYBRID_FEE_LOCALITY,0,0,38,0,0.0000,58,0,0,0,0,0,0,0.0000
1777041699003,418,HYBRID_FEE_LOCALITY,0,0,24,0,0.0000,49,0,0,0,0,0,0,0.0000
1777041700002,419,HYBRID_FEE_LOCALITY,0,0,16,0,0.0000,25,0,0,0,0,0,0,0.0000
1777041701003,420,HYBRID_FEE_LOCALITY,0,0,12,0,0.0000,41,0,0,0,0,0,0,0.0000
1777041702004,421,HYBRID_FEE_LOCALITY,0,0,7,0,0.0000,25,0,0,0,0,0,0,0.0000
1777041703003,422,HYBRID_FEE_LOCALITY,0,0,7,0,0.0000,20,0,0,0,0,0,0,0.0000
1777041704002,423,HYBRID_FEE_LOCALITY,0,0,5,0,0.0000,16,0,0,0,0,0,0,0.0000
1777041705002,424,HYBRID_FEE_LOCALITY,0,0,110,0,0.0000,195,1,0,0,0,0,0,0.0000
1777041706004,425,HYBRID_FEE_LOCALITY,0,0,117,0,0.0000,196,1,0,0,0,0,0,0.0000
1777041707003,426,HYBRID_FEE_LOCALITY,0,0,124,0,0.0000,266,1,0,0,0,0,0,0.0000
1777041708004,427,HYBRID_FEE_LOCALITY,0,0,132,0,0.0000,270,1,0,0,0,0,0,0.0000
1777041709005,428,HYBRID_FEE_LOCALITY,0,0,137,0,0.0000,249,1,0,0,0,0,0,0.0000
1777041710002,429,HYBRID_FEE_LOCALITY,0,0,139,0,0.0000,237,1,0,0,0,0,0,0.0000
1777041711006,430,HYBRID_FEE_LOCALITY,0,0,145,0,0.0000,358,3,0,0,0,0,0,0.0000
1777041712004,431,HYBRID_FEE_LOCALITY,0,0,153,0,0.0000,323,2,0,0,0,0,0,0.0000
1777041713004,432,HYBRID_FEE_LOCALITY,0,0,157,0,0.0000,350,2,0,0,0,0,0,0.0000
1777041714003,433,HYBRID_FEE_LOCALITY,0,0,161,0,0.0000,241,1,0,0,0,0,0,0.0000
1777041715004,434,HYBRID_FEE_LOCALITY,0,0,167,0,0.0000,271,1,0,0,0,0,0,0.0000
1777041716003,435,HYBRID_FEE_LOCALITY,0,0,175,0,0.0000,234,1,0,0,0,0,0,0.0000
1777041717004,436,HYBRID_FEE_LOCALITY,0,0,180,0,0.0000,373,2,0,0,0,0,0,0.0000
1777041718224,437,HYBRID_FEE_LOCALITY,0,0,184,0,0.0000,350,2,0,0,0,0,0,0.0000
1777041719008,438,HYBRID_FEE_LOCALITY,0,0,188,0,0.0000,411,6,0,0,0,0,0,0.0000
1777041720003,439,HYBRID_FEE_LOCALITY,0,0,79,0,0.0000,121,0,0,0,0,0,0,0.0000
1777041721004,440,HYBRID_FEE_LOCALITY,0,0,35,0,0.0000,78,0,0,0,0,0,0,0.0000
1777041722004,441,HYBRID_FEE_LOCALITY,0,0,18,0,0.0000,31,0,0,0,0,0,0,0.0000
1777041723008,442,HYBRID_FEE_LOCALITY,0,0,12,0,0.0000,29,0,0,0,0,0,0,0.0000
1777041724002,443,HYBRID_FEE_LOCALITY,0,0,10,0,0.0000,21,0,0,0,0,0,0,0.0000
1777041725002,444,HYBRID_FEE_LOCALITY,0,0,8,0,0.0000,15,0,0,0,0,0,0,0.0000
1777041726341,445,HYBRID_FEE_LOCALITY,0,0,11,0,0.0000,17,0,0,0,0,0,0,0.0000
1777041727171,446,HYBRID_FEE_LOCALITY,0,0,116,0,0.0000,210,1,0,0,0,0,0,0.0000
1777041728003,447,HYBRID_FEE_LOCALITY,0,0,117,0,0.0000,205,1,0,0,0,0,0,0.0000
1777041729005,448,HYBRID_FEE_LOCALITY,0,0,120,0,0.0000,219,3,0,0,0,0,0,0.0000
1777041730004,449,HYBRID_FEE_LOCALITY,0,0,127,0,0.0000,282,2,0,0,0,0,0,0.0000
1777041731005,450,HYBRID_FEE_LOCALITY,0,0,133,0,0.0000,254,3,0,0,0,0,0,0.0000
1777041732038,451,HYBRID_FEE_LOCALITY,0,0,138,0,0.0000,301,1,0,0,0,0,0,0.0000
1777041733004,452,HYBRID_FEE_LOCALITY,0,0,142,0,0.0000,316,2,0,0,0,0,0,0.0000
1777041734004,453,HYBRID_FEE_LOCALITY,0,0,145,0,0.0000,255,1,0,0,0,0,0,0.0000
1777041735004,454,HYBRID_FEE_LOCALITY,0,0,154,0,0.0000,303,1,0,0,0,0,0,0.0000
1777041736002,455,HYBRID_FEE_LOCALITY,0,0,158,0,0.0000,207,1,0,0,0,0,0,0.0000
1777041737006,456,HYBRID_FEE_LOCALITY,0,0,164,0,0.0000,414,2,0,0,0,0,0,0.0000
1777041738004,457,HYBRID_FEE_LOCALITY,0,0,168,0,0.0000,351,2,0,0,0,0,0,0.0000
1777041739006,458,HYBRID_FEE_LOCALITY,0,0,173,0,0.0000,651,3,0,0,0,0,0,0.0000
1777041740004,459,HYBRID_FEE_LOCALITY,0,0,175,0,0.0000,319,2,0,0,0,0,0,0.0000
1777041741645,460,HYBRID_FEE_LOCALITY,0,0,184,0,0.0000,442,3,0,0,0,0,0,0.0000
1777041743940,461,HYBRID_FEE_LOCALITY,0,0,35,0,0.0000,80,1,0,0,0,0,0,0.0000
1777041744350,462,HYBRID_FEE_LOCALITY,0,0,36,0,0.0000,74,0,0,0,0,0,0,0.0000
1777041744612,463,HYBRID_FEE_LOCALITY,0,0,17,0,0.0000,30,0,0,0,0,0,0,0.0000
1777041745002,464,HYBRID_FEE_LOCALITY,0,0,18,0,0.0000,35,0,0,0,0,0,0,0.0000
1777041746002,465,HYBRID_FEE_LOCALITY,0,0,9,0,0.0000,17,0,0,0,0,0,0,0.0000
1777041747003,466,HYBRID_FEE_LOCALITY,0,0,110,0,0.0000,234,2,0,0,0,0,0,0.0000
1777041748012,467,HYBRID_FEE_LOCALITY,0,0,120,0,0.0000,307,2,0,0,0,0,0,0.0000
1777041749004,468,HYBRID_FEE_LOCALITY,0,0,123,0,0.0000,289,1,0,0,0,0,0,0.0000
1777041750004,469,HYBRID_FEE_LOCALITY,0,0,128,0,0.0000,291,1,0,0,0,0,0,0.0000
1777041751003,470,HYBRID_FEE_LOCALITY,0,0,134,0,0.0000,325,2,0,0,0,0,0,0.0000
1777041752003,471,HYBRID_FEE_LOCALITY,0,0,138,0,0.0000,317,2,0,0,0,0,0,0.0000
1777041753006,472,HYBRID_FEE_LOCALITY,0,0,139,0,0.0000,319,2,0,0,0,0,0,0.0000
1777041754006,473,HYBRID_FEE_LOCALITY,0,0,145,0,0.0000,346,2,0,0,0,0,0,0.0000
1777041755004,474,HYBRID_FEE_LOCALITY,0,0,150,0,0.0000,343,2,0,0,0,0,0,0.0000
1777041756004,475,HYBRID_FEE_LOCALITY,0,0,155,0,0.0000,371,2,0,0,0,0,0,0.0000
1777041757005,476,HYBRID_FEE_LOCALITY,0,0,159,0,0.0000,407,2,0,0,0,0,0,0.0000
1777041758005,477,HYBRID_FEE_LOCALITY,0,0,164,0,0.0000,311,1,0,0,0,0,0,0.0000
1777041759004,478,HYBRID_FEE_LOCALITY,0,0,169,0,0.0000,318,1,0,0,0,0,0,0.0000
1777041760004,479,HYBRID_FEE_LOCALITY,0,0,171,0,0.0000,432,2,0,0,0,0,0,0.0000
1777041761005,480,HYBRID_FEE_LOCALITY,0,0,177,0,0.0000,449,2,0,0,0,0,0,0.0000
1777041762004,481,HYBRID_FEE_LOCALITY,0,0,179,0,0.0000,418,1,0,0,0,0,0,0.0000
1777041763004,482,HYBRID_FEE_LOCALITY,0,0,78,0,0.0000,166,1,0,0,0,0,0,0.0000
1777041764003,483,HYBRID_FEE_LOCALITY,0,0,33,0,0.0000,81,0,0,0,0,0,0,0.0000
1777041765004,484,HYBRID_FEE_LOCALITY,0,0,17,0,0.0000,39,0,0,0,0,0,0,0.0000
1777041766003,485,HYBRID_FEE_LOCALITY,0,0,9,0,0.0000,20,0,0,0,0,0,0,0.0000
1777041767002,486,HYBRID_FEE_LOCALITY,0,0,4,0,0.0000,10,0,0,0,0,0,0,0.0000
1777041768001,487,HYBRID_FEE_LOCALITY,0,0,3,0,0.0000,13,0,0,0,0,0,0,0.0000
1777041769004,488,HYBRID_FEE_LOCALITY,0,0,2,0,0.0000,9,0,0,0,0,0,0,0.0000
1777041770001,489,HYBRID_FEE_LOCALITY,0,0,1,0,0.0000,3,0,0,0,0,0,0,0.0000
1777041771003,490,HYBRID_FEE_LOCALITY,0,0,101,0,0.0000,180,1,0,0,0,0,0,0.0000
1777041772039,491,HYBRID_FEE_LOCALITY,0,0,101,0,0.0000,256,1,0,0,0,0,0,0.0000
1777041773003,492,HYBRID_FEE_LOCALITY,0,0,101,0,0.0000,140,1,0,0,0,0,0,0.0000
1777041774004,493,HYBRID_FEE_LOCALITY,0,0,101,0,0.0000,184,1,0,0,0,0,0,0.0000
1777041775005,494,HYBRID_FEE_LOCALITY,0,0,101,0,0.0000,165,1,0,0,0,0,0,0.0000
1777041776005,495,HYBRID_FEE_LOCALITY,0,0,101,0,0.0000,152,1,0,0,0,0,0,0.0000
1777041777003,496,HYBRID_FEE_LOCALITY,0,0,101,0,0.0000,167,1,0,0,0,0,0,0.0000
1777041778005,497,HYBRID_FEE_LOCALITY,0,0,101,0,0.0000,158,1,0,0,0,0,0,0.0000
1777041779396,498,HYBRID_FEE_LOCALITY,0,0,101,0,0.0000,285,1,0,0,0,0,0,0.0000
1777041780008,499,HYBRID_FEE_LOCALITY,0,0,101,0,0.0000,295,1,0,0,0,0,0,0.0000
1777041781003,500,HYBRID_FEE_LOCALITY,0,0,101,0,0.0000,165,1,0,0,0,0,0,0.0000
1777041782003,501,HYBRID_FEE_LOCALITY,0,0,101,0,0.0000,162,1,0,0,0,0,0,0.0000
1777041783003,502,HYBRID_FEE_LOCALITY,0,0,101,0,0.0000,216,1,0,0,0,0,0,0.0000
1777041784004,503,HYBRID_FEE_LOCALITY,0,0,101,0,0.0000,192,1,0,0,0,0,0,0.0000
1777041785020,504,HYBRID_FEE_LOCALITY,0,0,41,0,0.0000,67,0,0,0,0,0,0,0.0000
1777041786002,505,HYBRID_FEE_LOCALITY,0,0,17,0,0.0000,29,0,0,0,0,0,0,0.0000
1777041787002,506,HYBRID_FEE_LOCALITY,0,0,7,0,0.0000,15,0,0,0,0,0,0,0.0000
1777041788001,507,HYBRID_FEE_LOCALITY,0,0,3,0,0.0000,11,0,0,0,0,0,0,0.0000
1777041789171,508,HYBRID_FEE_LOCALITY,0,0,2,0,0.0000,9,0,0,0,0,0,0,0.0000
1777041790001,509,HYBRID_FEE_LOCALITY,0,0,1,0,0.0000,2,0,0,0,0,0,0,0.0000
1777041791002,510,HYBRID_FEE_LOCALITY,0,0,0,0,0.0000,0,0,0,0,0,0,0,0.0000
1777041792002,511,HYBRID_FEE_LOCALITY,0,0,0,0,0.0000,0,0,0,0,0,0,0,0.0000
1777041793002,512,HYBRID_FEE_LOCALITY,0,0,100,0,0.0000,160,1,0,0,0,0,0,0.0000
1777041794004,513,HYBRID_FEE_LOCALITY,0,0,100,0,0.0000,217,1,0,0,0,0,0,0.0000
1777041795654,514,HYBRID_FEE_LOCALITY,0,0,100,0,0.0000,214,2,0,0,0,0,0,0.0000
1777041796025,515,HYBRID_FEE_LOCALITY,0,0,100,0,0.0000,147,0,0,0,0,0,0,0.0000
1777041797003,516,HYBRID_FEE_LOCALITY,0,0,100,0,0.0000,144,1,0,0,0,0,0,0.0000
1777041798002,517,HYBRID_FEE_LOCALITY,0,0,100,0,0.0000,110,0,0,0,0,0,0,0.0000
1777041799012,518,HYBRID_FEE_LOCALITY,0,0,100,0,0.0000,211,1,0,0,0,0,0,0.0000
1777041800003,519,HYBRID_FEE_LOCALITY,0,0,100,0,0.0000,111,0,0,0,0,0,0,0.0000
1777041801012,520,HYBRID_FEE_LOCALITY,0,0,100,0,0.0000,151,1,0,0,0,0,0,0.0000
1777041802004,521,HYBRID_FEE_LOCALITY,0,0,100,0,0.0000,109,1,0,0,0,0,0,0.0000
1777041803325,522,HYBRID_FEE_LOCALITY,0,0,100,0,0.0000,139,1,0,0,0,0,0,0.0000
1777041804004,523,HYBRID_FEE_LOCALITY,0,0,100,0,0.0000,155,1,0,0,0,0,0,0.0000
1777041805003,524,HYBRID_FEE_LOCALITY,0,0,100,0,0.0000,178,1,0,0,0,0,0,0.0000
1777041806008,525,HYBRID_FEE_LOCALITY,0,0,100,0,0.0000,227,1,0,0,0,0,0,0.0000
1777041807004,526,HYBRID_FEE_LOCALITY,0,0,100,0,0.0000,174,1,0,0,0,0,0,0.0000
1777041808011,527,HYBRID_FEE_LOCALITY,0,0,100,0,0.0000,165,1,0,0,0,0,0,0.0000
1777041809003,528,HYBRID_FEE_LOCALITY,0,0,40,0,0.0000,49,0,0,0,0,0,0,0.0000
1777041810003,529,HYBRID_FEE_LOCALITY,0,0,16,0,0.0000,22,0,0,0,0,0,0,0.0000
1777041811002,530,HYBRID_FEE_LOCALITY,0,0,7,0,0.0000,15,0,0,0,0,0,0,0.0000
1777041812003,531,HYBRID_FEE_LOCALITY,0,0,3,0,0.0000,12,0,0,0,0,0,0,0.0000
1777041813002,532,HYBRID_FEE_LOCALITY,0,0,2,0,0.0000,12,0,0,0,0,0,0,0.0000
1777041814001,533,HYBRID_FEE_LOCALITY,0,0,1,0,0.0000,5,0,0,0,0,0,0,0.0000
1777041815002,534,HYBRID_FEE_LOCALITY,0,0,0,0,0.0000,0,0,0,0,0,0,0,0.0000
1777041816002,535,HYBRID_FEE_LOCALITY,0,0,0,0,0.0000,0,0,0,0,0,0,0,0.0000
1777041817003,536,HYBRID_FEE_LOCALITY,0,0,100,0,0.0000,198,1,0,0,0,0,0,0.0000
1777041818003,537,HYBRID_FEE_LOCALITY,0,0,100,0,0.0000,190,1,0,0,0,0,0,0.0000
1777041819004,538,HYBRID_FEE_LOCALITY,0,0,100,0,0.0000,197,1,0,0,0,0,0,0.0000
1777041820002,539,HYBRID_FEE_LOCALITY,0,0,100,0,0.0000,200,1,0,0,0,0,0,0.0000
1777041821005,540,HYBRID_FEE_LOCALITY,0,0,100,0,0.0000,192,1,0,0,0,0,0,0.0000
1777041822003,541,HYBRID_FEE_LOCALITY,0,0,100,0,0.0000,195,1,0,0,0,0,0,0.0000
1777041823012,542,HYBRID_FEE_LOCALITY,0,0,100,0,0.0000,155,1,0,0,0,0,0,0.0000
1777041824005,543,HYBRID_FEE_LOCALITY,0,0,100,0,0.0000,161,0,0,0,0,0,0,0.0000
1777041825002,544,HYBRID_FEE_LOCALITY,0,0,100,0,0.0000,136,0,0,0,0,0,0,0.0000
1777041826003,545,HYBRID_FEE_LOCALITY,0,0,100,0,0.0000,204,1,0,0,0,0,0,0.0000
1777041827003,546,HYBRID_FEE_LOCALITY,0,0,100,0,0.0000,147,0,0,0,0,0,0,0.0000
1777041828003,547,HYBRID_FEE_LOCALITY,0,0,100,0,0.0000,170,1,0,0,0,0,0,0.0000
1777041829917,548,HYBRID_FEE_LOCALITY,0,0,100,0,0.0000,184,1,0,0,0,0,0,0.0000
1777041830367,549,HYBRID_FEE_LOCALITY,0,0,100,0,0.0000,183,1,0,0,0,0,0,0.0000
1777041831002,550,HYBRID_FEE_LOCALITY,0,0,100,0,0.0000,156,1,0,0,0,0,0,0.0000
1777041832004,551,HYBRID_FEE_LOCALITY,0,0,100,0,0.0000,195,1,0,0,0,0,0,0.0000
1777041833003,552,HYBRID_FEE_LOCALITY,0,0,40,0,0.0000,64,0,0,0,0,0,0,0.0000
1777041834681,553,HYBRID_FEE_LOCALITY,0,0,7,0,0.0000,25,0,0,0,0,0,0,0.0000
1777041835002,554,HYBRID_FEE_LOCALITY,0,0,7,0,0.0000,19,0,0,0,0,0,0,0.0000
1777041836001,555,HYBRID_FEE_LOCALITY,0,0,3,0,0.0000,11,0,0,0,0,0,0,0.0000
1777041837002,556,HYBRID_FEE_LOCALITY,0,0,2,0,0.0000,10,0,0,0,0,0,0,0.0000
1777041838003,557,HYBRID_FEE_LOCALITY,0,0,1,0,0.0000,5,0,0,0,0,0,0,0.0000
1777041839005,558,HYBRID_FEE_LOCALITY,0,0,0,0,0.0000,0,0,0,0,0,0,0,0.0000
1777041840008,559,HYBRID_FEE_LOCALITY,0,0,0,0,0.0000,0,0,0,0,0,0,0,0.0000
1777041841303,560,HYBRID_FEE_LOCALITY,0,0,100,0,0.0000,324,2,0,0,0,0,0,0.0000
1777041842004,561,HYBRID_FEE_LOCALITY,0,0,100,0,0.0000,223,1,0,0,0,0,0,0.0000
1777041843003,562,HYBRID_FEE_LOCALITY,0,0,100,0,0.0000,165,1,0,0,0,0,0,0.0000
1777041844004,563,HYBRID_FEE_LOCALITY,0,0,100,0,0.0000,209,1,0,0,0,0,0,0.0000
1777041845004,564,HYBRID_FEE_LOCALITY,0,0,100,0,0.0000,225,1,0,0,0,0,0,0.0000
1777041846004,565,HYBRID_FEE_LOCALITY,0,0,100,0,0.0000,218,1,0,0,0,0,0,0.0000
1777041847004,566,HYBRID_FEE_LOCALITY,0,0,100,0,0.0000,215,1,0,0,0,0,0,0.0000
1777041848236,567,HYBRID_FEE_LOCALITY,0,0,100,0,0.0000,275,1,0,0,0,0,0,0.0000
1777041849003,568,HYBRID_FEE_LOCALITY,0,0,100,0,0.0000,214,1,0,0,0,0,0,0.0000
1777041850960,569,HYBRID_FEE_LOCALITY,0,0,100,0,0.0000,222,4,0,0,0,0,0,0.0000
1777041851164,570,HYBRID_FEE_LOCALITY,0,0,100,0,0.0000,266,1,0,0,0,0,0,0.0000
1777041852005,571,HYBRID_FEE_LOCALITY,0,0,100,0,0.0000,249,1,0,0,0,0,0,0.0000
1777041853003,572,HYBRID_FEE_LOCALITY,0,0,100,0,0.0000,225,1,0,0,0,0,0,0.0000
1777041854385,573,HYBRID_FEE_LOCALITY,0,0,100,0,0.0000,169,1,0,0,0,0,0,0.0000
1777041855006,574,HYBRID_FEE_LOCALITY,0,0,100,0,0.0000,177,1,0,0,0,0,0,0.0000
1777041856002,575,HYBRID_FEE_LOCALITY,0,0,100,0,0.0000,166,1,0,0,0,0,0,0.0000
1777041857002,576,HYBRID_FEE_LOCALITY,0,0,40,0,0.0000,94,0,0,0,0,0,0,0.0000
1777041858002,577,HYBRID_FEE_LOCALITY,0,0,16,0,0.0000,32,0,0,0,0,0,0,0.0000
1777041859003,578,HYBRID_FEE_LOCALITY,0,0,7,0,0.0000,19,0,0,0,0,0,0,0.0000
1777041860002,579,HYBRID_FEE_LOCALITY,0,0,3,0,0.0000,12,0,0,0,0,0,0,0.0000
1777041861002,580,HYBRID_FEE_LOCALITY,0,0,2,0,0.0000,8,0,0,0,0,0,0,0.0000
1777041862004,581,HYBRID_FEE_LOCALITY,0,0,1,0,0.0000,4,0,0,0,0,0,0,0.0000
1777041863002,582,HYBRID_FEE_LOCALITY,0,0,0,0,0.0000,0,0,0,0,0,0,0,0.0000
1777041864940,583,HYBRID_FEE_LOCALITY,0,0,100,0,0.0000,235,1,0,0,0,0,0,0.0000
1777041865550,584,HYBRID_FEE_LOCALITY,0,0,100,0,0.0000,204,1,0,0,0,0,0,0.0000
1777041866708,585,HYBRID_FEE_LOCALITY,0,0,100,0,0.0000,149,1,0,0,0,0,0,0.0000
1777041867262,586,HYBRID_FEE_LOCALITY,0,0,100,0,0.0000,189,1,0,0,0,0,0,0.0000
1777041868002,587,HYBRID_FEE_LOCALITY,0,0,100,0,0.0000,198,1,0,0,0,0,0,0.0000
1777041869002,588,HYBRID_FEE_LOCALITY,0,0,100,0,0.0000,167,1,0,0,0,0,0,0.0000
1777041870004,589,HYBRID_FEE_LOCALITY,0,0,100,0,0.0000,286,1,0,0,0,0,0,0.0000
1777041871007,590,HYBRID_FEE_LOCALITY,0,0,100,0,0.0000,162,1,0,0,0,0,0,0.0000
1777041872003,591,HYBRID_FEE_LOCALITY,0,0,100,0,0.0000,137,1,0,0,0,0,0,0.0000
1777041873002,592,HYBRID_FEE_LOCALITY,0,0,100,0,0.0000,144,1,0,0,0,0,0,0.0000
1777041874034,593,HYBRID_FEE_LOCALITY,0,0,100,0,0.0000,185,1,0,0,0,0,0,0.0000
1777041875003,594,HYBRID_FEE_LOCALITY,0,0,100,0,0.0000,179,1,0,0,0,0,0,0.0000
1777041876004,595,HYBRID_FEE_LOCALITY,0,0,100,0,0.0000,200,1,0,0,0,0,0,0.0000
1777041877080,596,HYBRID_FEE_LOCALITY,0,0,100,0,0.0000,148,1,0,0,0,0,0,0.0000
1777041878004,597,HYBRID_FEE_LOCALITY,0,0,100,0,0.0000,161,1,0,0,0,0,0,0.0000
1777041879004,598,HYBRID_FEE_LOCALITY,0,0,40,0,0.0000,69,0,0,0,0,0,0,0.0000
1777041880001,599,HYBRID_FEE_LOCALITY,0,0,16,0,0.0000,31,0,0,0,0,0,0,0.0000
1777041881002,600,HYBRID_FEE_LOCALITY,0,0,7,0,0.0000,18,0,0,0,0,0,0,0.0000
1777041882002,601,HYBRID_FEE_LOCALITY,0,0,3,0,0.0000,14,0,0,0,0,0,0,0.0000
1777041883001,602,HYBRID_FEE_LOCALITY,0,0,2,0,0.0000,10,0,0,0,0,0,0,0.0000
1777041884001,603,HYBRID_FEE_LOCALITY,0,0,1,0,0.0000,3,0,0,0,0,0,0,0.0000
1777041885154,604,HYBRID_FEE_LOCALITY,0,0,0,0,0.0000,0,0,0,0,0,0,0,0.0000
1777041886001,605,HYBRID_FEE_LOCALITY,0,0,0,0,0.0000,0,0,0,0,0,0,0,0.0000
1777041887003,606,HYBRID_FEE_LOCALITY,0,0,100,0,0.0000,174,1,0,0,0,0,0,0.0000
1777041888002,607,HYBRID_FEE_LOCALITY,0,0,100,0,0.0000,174,1,0,0,0,0,0,0.0000
1777041889003,608,HYBRID_FEE_LOCALITY,0,0,100,0,0.0000,213,1,0,0,0,0,0,0.0000
1777041890003,609,HYBRID_FEE_LOCALITY,0,0,100,0,0.0000,204,1,0,0,0,0,0,0.0000
1777041891003,610,HYBRID_FEE_LOCALITY,0,0,100,0,0.0000,209,1,0,0,0,0,0,0.0000
1777041892008,611,HYBRID_FEE_LOCALITY,0,0,100,0,0.0000,187,1,0,0,0,0,0,0.0000
1777041893004,612,HYBRID_FEE_LOCALITY,0,0,100,0,0.0000,213,1,0,0,0,0,0,0.0000
1777041894013,613,HYBRID_FEE_LOCALITY,0,0,100,0,0.0000,202,1,0,0,0,0,0,0.0000
1777041895002,614,HYBRID_FEE_LOCALITY,0,0,100,0,0.0000,208,1,0,0,0,0,0,0.0000
1777041896004,615,HYBRID_FEE_LOCALITY,0,0,100,0,0.0000,219,1,0,0,0,0,0,0.0000
1777041897004,616,HYBRID_FEE_LOCALITY,0,0,100,0,0.0000,204,1,0,0,0,0,0,0.0000
1777041900211,617,HYBRID_FEE_LOCALITY,0,0,100,0,0.0000,158,1,0,0,0,0,0,0.0000
1777041900720,618,HYBRID_FEE_LOCALITY,0,0,100,0,0.0000,164,1,0,0,0,0,0,0.0000
1777041900837,619,HYBRID_FEE_LOCALITY,0,0,100,0,0.0000,170,1,0,0,0,0,0,0.0000
1777041901011,620,HYBRID_FEE_LOCALITY,0,0,100,0,0.0000,179,1,0,0,0,0,0,0.0000
1777041902858,621,HYBRID_FEE_LOCALITY,0,0,100,0,0.0000,177,1,0,0,0,0,0,0.0000
1777041903174,622,HYBRID_FEE_LOCALITY,0,0,100,0,0.0000,161,1,0,0,0,0,0,0.0000
1777041904002,623,HYBRID_FEE_LOCALITY,0,0,40,0,0.0000,67,0,0,0,0,0,0,0.0000
1777041905002,624,HYBRID_FEE_LOCALITY,0,0,16,0,0.0000,26,0,0,0,0,0,0,0.0000
1777041906001,625,HYBRID_FEE_LOCALITY,0,0,7,0,0.0000,16,0,0,0,0,0,0,0.0000
1777041907002,626,HYBRID_FEE_LOCALITY,0,0,3,0,0.0000,12,0,0,0,0,0,0,0.0000
1777041908003,627,HYBRID_FEE_LOCALITY,0,0,2,0,0.0000,8,0,0,0,0,0,0,0.0000
1777041909012,628,HYBRID_FEE_LOCALITY,0,0,1,0,0.0000,4,0,0,0,0,0,0,0.0000
1777041910000,629,HYBRID_FEE_LOCALITY,0,0,0,0,0.0000,0,0,0,0,0,0,0,0.0000
1777041911002,630,HYBRID_FEE_LOCALITY,0,0,100,0,0.0000,152,1,0,0,0,0,0,0.0000
1777041912004,631,HYBRID_FEE_LOCALITY,0,0,100,0,0.0000,141,1,0,0,0,0,0,0.0000
1777041913003,632,HYBRID_FEE_LOCALITY,0,0,100,0,0.0000,110,0,0,0,0,0,0,0.0000
1777041914008,633,HYBRID_FEE_LOCALITY,0,0,100,0,0.0000,162,1,0,0,0,0,0,0.0000
1777041915004,634,HYBRID_FEE_LOCALITY,0,0,100,0,0.0000,172,1,0,0,0,0,0,0.0000
1777041916002,635,HYBRID_FEE_LOCALITY,0,0,100,0,0.0000,115,0,0,0,0,0,0,0.0000
1777041917003,636,HYBRID_FEE_LOCALITY,0,0,100,0,0.0000,160,1,0,0,0,0,0,0.0000
1777041918236,637,HYBRID_FEE_LOCALITY,0,0,100,0,0.0000,191,1,0,0,0,0,0,0.0000
1777041919003,638,HYBRID_FEE_LOCALITY,0,0,100,0,0.0000,204,1,0,0,0,0,0,0.0000
1777041920003,639,HYBRID_FEE_LOCALITY,0,0,100,0,0.0000,189,1,0,0,0,0,0,0.0000
1777041921004,640,HYBRID_FEE_LOCALITY,0,0,100,0,0.0000,185,1,0,0,0,0,0,0.0000
1777041922002,641,HYBRID_FEE_LOCALITY,0,0,100,0,0.0000,144,1,0,0,0,0,0,0.0000
1777041923598,642,HYBRID_FEE_LOCALITY,0,0,100,0,0.0000,346,1,0,0,0,0,0,0.0000
1777041924275,643,HYBRID_FEE_LOCALITY,0,0,100,0,0.0000,178,1,0,0,0,0,0,0.0000
1777041925003,644,HYBRID_FEE_LOCALITY,0,0,100,0,0.0000,168,1,0,0,0,0,0,0.0000
1777041926003,645,HYBRID_FEE_LOCALITY,0,0,40,0,0.0000,147,0,0,0,0,0,0,0.0000
1777041927001,646,HYBRID_FEE_LOCALITY,0,0,16,0,0.0000,23,0,0,0,0,0,0,0.0000
1777041928002,647,HYBRID_FEE_LOCALITY,0,0,7,0,0.0000,45,0,0,0,0,0,0,0.0000
1777041929002,648,HYBRID_FEE_LOCALITY,0,0,3,0,0.0000,21,0,0,0,0,0,0,0.0000
1777041930002,649,HYBRID_FEE_LOCALITY,0,0,2,0,0.0000,13,0,0,0,0,0,0,0.0000
1777041931002,650,HYBRID_FEE_LOCALITY,0,0,1,0,0.0000,5,0,0,0,0,0,0,0.0000
1777041932002,651,HYBRID_FEE_LOCALITY,0,0,0,0,0.0000,0,0,0,0,0,0,0,0.0000
1777041933001,652,HYBRID_FEE_LOCALITY,0,0,0,0,0.0000,0,0,0,0,0,0,0,0.0000
1777041934006,653,HYBRID_FEE_LOCALITY,0,0,100,0,0.0000,234,4,0,0,0,0,0,0.0000
1777041935003,654,HYBRID_FEE_LOCALITY,0,0,100,0,0.0000,206,1,0,0,0,0,0,0.0000
1777041936003,655,HYBRID_FEE_LOCALITY,0,0,100,0,0.0000,218,1,0,0,0,0,0,0.0000
1777041937003,656,HYBRID_FEE_LOCALITY,0,0,100,0,0.0000,227,1,0,0,0,0,0,0.0000
1777041938002,657,HYBRID_FEE_LOCALITY,0,0,100,0,0.0000,212,1,0,0,0,0,0,0.0000
1777041939417,658,HYBRID_FEE_LOCALITY,0,0,100,0,0.0000,182,1,0,0,0,0,0,0.0000
1777041941827,659,HYBRID_FEE_LOCALITY,0,0,100,0,0.0000,177,1,0,0,0,0,0,0.0000
1777041943794,660,HYBRID_FEE_LOCALITY,0,0,100,0,0.0000,126,1,0,0,0,0,0,0.0000
1777041943958,661,HYBRID_FEE_LOCALITY,0,0,100,0,0.0000,161,1,0,0,0,0,0,0.0000
1777041944594,662,HYBRID_FEE_LOCALITY,0,0,100,0,0.0000,159,2,0,0,0,0,0,0.0000
1777041944893,663,HYBRID_FEE_LOCALITY,0,0,100,0,0.0000,169,1,0,0,0,0,0,0.0000
1777041945282,664,HYBRID_FEE_LOCALITY,0,0,100,0,0.0000,153,1,0,0,0,0,0,0.0000
1777041946078,665,HYBRID_FEE_LOCALITY,0,0,100,0,0.0000,273,1,0,0,0,0,0,0.0000
1777041947003,666,HYBRID_FEE_LOCALITY,0,0,100,0,0.0000,176,1,0,0,0,0,0,0.0000
1777041948003,667,HYBRID_FEE_LOCALITY,0,0,40,0,0.0000,67,0,0,0,0,0,0,0.0000
1777041949002,668,HYBRID_FEE_LOCALITY,0,0,16,0,0.0000,32,0,0,0,0,0,0,0.0000
1777041950002,669,HYBRID_FEE_LOCALITY,0,0,7,0,0.0000,15,0,0,0,0,0,0,0.0000
1777041951002,670,HYBRID_FEE_LOCALITY,0,0,3,0,0.0000,9,0,0,0,0,0,0,0.0000
1777041952003,671,HYBRID_FEE_LOCALITY,0,0,2,0,0.0000,8,0,0,0,0,0,0,0.0000
1777041953002,672,HYBRID_FEE_LOCALITY,0,0,1,0,0.0000,5,0,0,0,0,0,0,0.0000
1777041954002,673,HYBRID_FEE_LOCALITY,0,0,0,0,0.0000,0,0,0,0,0,0,0,0.0000
1777041955003,674,HYBRID_FEE_LOCALITY,0,0,0,0,0.0000,0,0,0,0,0,0,0,0.0000
1777041956007,675,HYBRID_FEE_LOCALITY,0,0,0,0,0.0000,0,0,0,0,0,0,0,0.0000
1777041957002,676,HYBRID_FEE_LOCALITY,0,0,100,0,0.0000,239,1,0,0,0,0,0,0.0000
1777041958004,677,HYBRID_FEE_LOCALITY,0,0,100,0,0.0000,208,1,0,0,0,0,0,0.0000
1777041959004,678,HYBRID_FEE_LOCALITY,0,0,100,0,0.0000,223,1,0,0,0,0,0,0.0000
1777041960004,679,HYBRID_FEE_LOCALITY,0,0,100,0,0.0000,207,1,0,0,0,0,0,0.0000
1777041961002,680,HYBRID_FEE_LOCALITY,0,0,100,0,0.0000,108,0,0,0,0,0,0,0.0000
1777041962004,681,HYBRID_FEE_LOCALITY,0,0,100,0,0.0000,193,1,0,0,0,0,0,0.0000
1777041963003,682,HYBRID_FEE_LOCALITY,0,0,100,0,0.0000,197,1,0,0,0,0,0,0.0000
1777041964002,683,HYBRID_FEE_LOCALITY,0,0,100,0,0.0000,126,1,0,0,0,0,0,0.0000
1777041965003,684,HYBRID_FEE_LOCALITY,0,0,100,0,0.0000,123,0,0,0,0,0,0,0.0000
1777041966002,685,HYBRID_FEE_LOCALITY,0,0,100,0,0.0000,108,1,0,0,0,0,0,0.0000
1777041967004,686,HYBRID_FEE_LOCALITY,0,0,100,0,0.0000,120,1,0,0,0,0,0,0.0000
1777041968233,687,HYBRID_FEE_LOCALITY,0,0,100,0,0.0000,170,1,0,0,0,0,0,0.0000
1777041969256,688,HYBRID_FEE_LOCALITY,0,0,100,0,0.0000,148,1,0,0,0,0,0,0.0000
1777041970003,689,HYBRID_FEE_LOCALITY,0,0,100,0,0.0000,113,0,0,0,0,0,0,0.0000
1777041971005,690,HYBRID_FEE_LOCALITY,0,0,100,0,0.0000,128,2,0,0,0,0,0,0.0000
1777041972003,691,HYBRID_FEE_LOCALITY,0,0,100,0,0.0000,220,1,0,0,0,0,0,0.0000
1777041973003,692,HYBRID_FEE_LOCALITY,0,0,40,0,0.0000,75,0,0,0,0,0,0,0.0000
1777041974002,693,HYBRID_FEE_LOCALITY,0,0,16,0,0.0000,29,0,0,0,0,0,0,0.0000
1777041975002,694,HYBRID_FEE_LOCALITY,0,0,7,0,0.0000,17,0,0,0,0,0,0,0.0000
1777041976002,695,HYBRID_FEE_LOCALITY,0,0,3,0,0.0000,12,0,0,0,0,0,0,0.0000
1777041977001,696,HYBRID_FEE_LOCALITY,0,0,2,0,0.0000,8,0,0,0,0,0,0,0.0000
1777041978002,697,HYBRID_FEE_LOCALITY,0,0,1,0,0.0000,4,0,0,0,0,0,0,0.0000
1777041979004,698,HYBRID_FEE_LOCALITY,0,0,0,0,0.0000,0,0,0,0,0,0,0,0.0000
1777041980002,699,HYBRID_FEE_LOCALITY,0,0,0,0,0.0000,0,0,0,0,0,0,0,0.0000
1777041981001,700,HYBRID_FEE_LOCALITY,0,0,0,0,0.0000,0,0,0,0,0,0,0,0.0000
1777041982003,701,HYBRID_FEE_LOCALITY,0,0,100,0,0.0000,156,1,0,0,0,0,0,0.0000
1777041983003,702,HYBRID_FEE_LOCALITY,0,0,100,0,0.0000,152,1,0,0,0,0,0,0.0000
1777041984013,703,HYBRID_FEE_LOCALITY,0,0,100,0,0.0000,165,1,0,0,0,0,0,0.0000
1777041985004,704,HYBRID_FEE_LOCALITY,0,0,100,0,0.0000,208,1,0,0,0,0,0,0.0000
1777041986004,705,HYBRID_FEE_LOCALITY,0,0,100,0,0.0000,207,1,0,0,0,0,0,0.0000
1777041987003,706,HYBRID_FEE_LOCALITY,0,0,100,0,0.0000,180,1,0,0,0,0,0,0.0000
1777041988003,707,HYBRID_FEE_LOCALITY,0,0,100,0,0.0000,206,1,0,0,0,0,0,0.0000
1777041989007,708,HYBRID_FEE_LOCALITY,0,0,100,0,0.0000,218,1,0,0,0,0,0,0.0000
1777041990003,709,HYBRID_FEE_LOCALITY,0,0,100,0,0.0000,181,1,0,0,0,0,0,0.0000
1777041991002,710,HYBRID_FEE_LOCALITY,0,0,100,0,0.0000,115,1,0,0,0,0,0,0.0000
1777041992003,711,HYBRID_FEE_LOCALITY,0,0,100,0,0.0000,151,1,0,0,0,0,0,0.0000
1777041993945,712,HYBRID_FEE_LOCALITY,0,0,100,0,0.0000,163,1,0,0,0,0,0,0.0000
1777041994740,713,HYBRID_FEE_LOCALITY,0,0,100,0,0.0000,203,1,0,0,0,0,0,0.0000
1777041995004,714,HYBRID_FEE_LOCALITY,0,0,100,0,0.0000,219,2,0,0,0,0,0,0.0000
1777041996004,715,HYBRID_FEE_LOCALITY,0,0,100,0,0.0000,156,1,0,0,0,0,0,0.0000
1777041997111,716,HYBRID_FEE_LOCALITY,0,0,100,0,0.0000,185,1,0,0,0,0,0,0.0000
1777041998323,717,HYBRID_FEE_LOCALITY,0,0,40,0,0.0000,54,0,0,0,0,0,0,0.0000
1777041999003,718,HYBRID_FEE_LOCALITY,0,0,16,0,0.0000,36,0,0,0,0,0,0,0.0000
1777042000002,719,HYBRID_FEE_LOCALITY,0,0,7,0,0.0000,24,0,0,0,0,0,0,0.0000
1777042001002,720,HYBRID_FEE_LOCALITY,0,0,3,0,0.0000,10,0,0,0,0,0,0,0.0000
1777042002004,721,HYBRID_FEE_LOCALITY,0,0,2,0,0.0000,11,0,0,0,0,0,0,0.0000
1777042003002,722,HYBRID_FEE_LOCALITY,0,0,1,0,0.0000,4,0,0,0,0,0,0,0.0000
1777042004008,723,HYBRID_FEE_LOCALITY,0,0,101,0,0.0000,196,7,0,0,0,0,0,0.0000
1777042005002,724,HYBRID_FEE_LOCALITY,0,0,101,0,0.0000,195,1,0,0,0,0,0,0.0000
1777042006004,725,HYBRID_FEE_LOCALITY,0,0,101,0,0.0000,202,1,0,0,0,0,0,0.0000
1777042007003,726,HYBRID_FEE_LOCALITY,0,0,101,0,0.0000,192,1,0,0,0,0,0,0.0000
1777042008005,727,HYBRID_FEE_LOCALITY,0,0,101,0,0.0000,195,1,0,0,0,0,0,0.0000
1777042009405,728,HYBRID_FEE_LOCALITY,0,0,101,0,0.0000,229,2,0,0,0,0,0,0.0000
1777042010195,729,HYBRID_FEE_LOCALITY,0,0,101,0,0.0000,173,1,0,0,0,0,0,0.0000
1777042011004,730,HYBRID_FEE_LOCALITY,0,0,101,0,0.0000,172,2,0,0,0,0,0,0.0000
1777042012008,731,HYBRID_FEE_LOCALITY,0,0,101,0,0.0000,205,1,0,0,0,0,0,0.0000
1777042013003,732,HYBRID_FEE_LOCALITY,0,0,101,0,0.0000,206,1,0,0,0,0,0,0.0000
1777042014004,733,HYBRID_FEE_LOCALITY,0,0,101,0,0.0000,172,1,0,0,0,0,0,0.0000
1777042015191,734,HYBRID_FEE_LOCALITY,0,0,101,0,0.0000,182,6,0,0,0,0,0,0.0000
1777042016153,735,HYBRID_FEE_LOCALITY,0,0,101,0,0.0000,199,2,0,0,0,0,0,0.0000
1777042017003,736,HYBRID_FEE_LOCALITY,0,0,101,0,0.0000,192,1,0,0,0,0,0,0.0000
1777042018006,737,HYBRID_FEE_LOCALITY,0,0,101,0,0.0000,199,1,0,0,0,0,0,0.0000
1777042019009,738,HYBRID_FEE_LOCALITY,0,0,101,0,0.0000,175,1,0,0,0,0,0,0.0000
1777042020003,739,HYBRID_FEE_LOCALITY,0,0,41,0,0.0000,72,0,0,0,0,0,0,0.0000
1777042021001,740,HYBRID_FEE_LOCALITY,0,0,17,0,0.0000,36,0,0,0,0,0,0,0.0000
1777042022002,741,HYBRID_FEE_LOCALITY,0,0,7,0,0.0000,16,0,0,0,0,0,0,0.0000
1777042023002,742,HYBRID_FEE_LOCALITY,0,0,3,0,0.0000,11,0,0,0,0,0,0,0.0000
1777042024002,743,HYBRID_FEE_LOCALITY,0,0,2,0,0.0000,7,0,0,0,0,0,0,0.0000
1777042025002,744,HYBRID_FEE_LOCALITY,0,0,1,0,0.0000,4,0,0,0,0,0,0,0.0000
1777042026001,745,HYBRID_FEE_LOCALITY,0,0,0,0,0.0000,0,0,0,0,0,0,0,0.0000
1777042027001,746,HYBRID_FEE_LOCALITY,0,0,0,0,0.0000,0,0,0,0,0,0,0,0.0000
1777042028001,747,HYBRID_FEE_LOCALITY,0,0,0,0,0.0000,0,0,0,0,0,0,0,0.0000
1777042029005,748,HYBRID_FEE_LOCALITY,0,0,100,0,0.0000,266,1,0,0,0,0,0,0.0000
1777042030003,749,HYBRID_FEE_LOCALITY,0,0,100,0,0.0000,156,1,0,0,0,0,0,0.0000
1777042031004,750,HYBRID_FEE_LOCALITY,0,0,100,0,0.0000,135,1,0,0,0,0,0,0.0000
1777042032002,751,HYBRID_FEE_LOCALITY,0,0,100,0,0.0000,134,1,0,0,0,0,0,0.0000
1777042033003,752,HYBRID_FEE_LOCALITY,0,0,100,0,0.0000,155,1,0,0,0,0,0,0.0000
1777042034003,753,HYBRID_FEE_LOCALITY,0,0,100,0,0.0000,150,1,0,0,0,0,0,0.0000
1777042035003,754,HYBRID_FEE_LOCALITY,0,0,100,0,0.0000,159,1,0,0,0,0,0,0.0000
1777042036004,755,HYBRID_FEE_LOCALITY,0,0,100,0,0.0000,162,1,0,0,0,0,0,0.0000
1777042037002,756,HYBRID_FEE_LOCALITY,0,0,100,0,0.0000,172,1,0,0,0,0,0,0.0000
1777042038002,757,HYBRID_FEE_LOCALITY,0,0,100,0,0.0000,156,1,0,0,0,0,0,0.0000
1777042039003,758,HYBRID_FEE_LOCALITY,0,0,100,0,0.0000,152,1,0,0,0,0,0,0.0000
1777042040003,759,HYBRID_FEE_LOCALITY,0,0,100,0,0.0000,199,1,0,0,0,0,0,0.0000
1777042041003,760,HYBRID_FEE_LOCALITY,0,0,100,0,0.0000,186,1,0,0,0,0,0,0.0000
1777042042004,761,HYBRID_FEE_LOCALITY,0,0,100,0,0.0000,231,1,0,0,0,0,0,0.0000
1777042043007,762,HYBRID_FEE_LOCALITY,0,0,100,0,0.0000,304,1,0,0,0,0,0,0.0000
1777042044011,763,HYBRID_FEE_LOCALITY,0,0,100,0,0.0000,169,1,0,0,0,0,0,0.0000
1777042045005,764,HYBRID_FEE_LOCALITY,0,0,40,0,0.0000,85,0,0,0,0,0,0,0.0000
1777042046003,765,HYBRID_FEE_LOCALITY,0,0,16,0,0.0000,42,0,0,0,0,0,0,0.0000
1777042047004,766,HYBRID_FEE_LOCALITY,0,0,7,0,0.0000,25,0,0,0,0,0,0,0.0000
1777042048005,767,HYBRID_FEE_LOCALITY,0,0,3,0,0.0000,8,0,0,0,0,0,0,0.0000
1777042049001,768,HYBRID_FEE_LOCALITY,0,0,2,0,0.0000,6,0,0,0,0,0,0,0.0000
1777042050002,769,HYBRID_FEE_LOCALITY,0,0,1,0,0.0000,3,0,0,0,0,0,0,0.0000
1777042051110,770,HYBRID_FEE_LOCALITY,0,0,0,0,0.0000,0,0,0,0,0,0,0,0.0000
1777042052011,771,HYBRID_FEE_LOCALITY,0,0,0,0,0.0000,0,0,0,0,0,0,0,0.0000
1777042053002,772,HYBRID_FEE_LOCALITY,0,0,100,0,0.0000,191,1,0,0,0,0,0,0.0000
1777042054005,773,HYBRID_FEE_LOCALITY,0,0,100,0,0.0000,205,1,0,0,0,0,0,0.0000
1777042055003,774,HYBRID_FEE_LOCALITY,0,0,100,0,0.0000,169,1,0,0,0,0,0,0.0000
1777042056004,775,HYBRID_FEE_LOCALITY,0,0,100,0,0.0000,216,1,0,0,0,0,0,0.0000
1777042057657,776,HYBRID_FEE_LOCALITY,0,0,100,0,0.0000,189,1,0,0,0,0,0,0.0000
1777042058003,777,HYBRID_FEE_LOCALITY,0,0,100,0,0.0000,209,1,0,0,0,0,0,0.0000
1777042059008,778,HYBRID_FEE_LOCALITY,0,0,100,0,0.0000,190,1,0,0,0,0,0,0.0000
1777042060004,779,HYBRID_FEE_LOCALITY,0,0,100,0,0.0000,136,1,0,0,0,0,0,0.0000
1777042061004,780,HYBRID_FEE_LOCALITY,0,0,100,0,0.0000,236,2,0,0,0,0,0,0.0000
1777042062004,781,HYBRID_FEE_LOCALITY,0,0,100,0,0.0000,194,1,0,0,0,0,0,0.0000
1777042063002,782,HYBRID_FEE_LOCALITY,0,0,100,0,0.0000,161,1,0,0,0,0,0,0.0000
1777042064003,783,HYBRID_FEE_LOCALITY,0,0,100,0,0.0000,187,1,0,0,0,0,0,0.0000
1777042065003,784,HYBRID_FEE_LOCALITY,0,0,100,0,0.0000,154,1,0,0,0,0,0,0.0000
1777042066003,785,HYBRID_FEE_LOCALITY,0,0,100,0,0.0000,174,1,0,0,0,0,0,0.0000
1777042067003,786,HYBRID_FEE_LOCALITY,0,0,100,0,0.0000,167,1,0,0,0,0,0,0.0000
1777042068004,787,HYBRID_FEE_LOCALITY,0,0,100,0,0.0000,202,1,0,0,0,0,0,0.0000
1777042069003,788,HYBRID_FEE_LOCALITY,0,0,100,0,0.0000,185,1,0,0,0,0,0,0.0000
1777042070002,789,HYBRID_FEE_LOCALITY,0,0,40,0,0.0000,95,0,0,0,0,0,0,0.0000
1777042071003,790,HYBRID_FEE_LOCALITY,0,0,16,0,0.0000,32,0,0,0,0,0,0,0.0000
1777042072003,791,HYBRID_FEE_LOCALITY,0,0,7,0,0.0000,12,0,0,0,0,0,0,0.0000
1777042073002,792,HYBRID_FEE_LOCALITY,0,0,3,0,0.0000,10,0,0,0,0,0,0,0.0000
1777042074002,793,HYBRID_FEE_LOCALITY,0,0,2,0,0.0000,5,0,0,0,0,0,0,0.0000
1777042075004,794,HYBRID_FEE_LOCALITY,0,0,1,0,0.0000,4,0,0,0,0,0,0,0.0000
1777042076002,795,HYBRID_FEE_LOCALITY,0,0,0,0,0.0000,0,0,0,0,0,0,0,0.0000
1777042077002,796,HYBRID_FEE_LOCALITY,0,0,0,0,0.0000,0,0,0,0,0,0,0,0.0000
1777042078003,797,HYBRID_FEE_LOCALITY,0,0,0,0,0.0000,0,0,0,0,0,0,0,0.0000
1777042079003,798,HYBRID_FEE_LOCALITY,0,0,100,0,0.0000,193,1,0,0,0,0,0,0.0000
1777042080005,799,HYBRID_FEE_LOCALITY,0,0,100,0,0.0000,225,2,0,0,0,0,0,0.0000
1777042081002,800,HYBRID_FEE_LOCALITY,0,0,100,0,0.0000,170,1,0,0,0,0,0,0.0000
1777042082003,801,HYBRID_FEE_LOCALITY,0,0,100,0,0.0000,138,1,0,0,0,0,0,0.0000
1777042083010,802,HYBRID_FEE_LOCALITY,0,0,100,0,0.0000,171,1,0,0,0,0,0,0.0000
1777042084003,803,HYBRID_FEE_LOCALITY,0,0,100,0,0.0000,163,1,0,0,0,0,0,0.0000
1777042085004,804,HYBRID_FEE_LOCALITY,0,0,100,0,0.0000,113,0,0,0,0,0,0,0.0000
1777042086001,805,HYBRID_FEE_LOCALITY,0,0,100,0,0.0000,117,0,0,0,0,0,0,0.0000
1777042087004,806,HYBRID_FEE_LOCALITY,0,0,100,0,0.0000,502,2,0,0,0,0,0,0.0000
1777042088007,807,HYBRID_FEE_LOCALITY,0,0,100,0,0.0000,227,1,0,0,0,0,0,0.0000
1777042089004,808,HYBRID_FEE_LOCALITY,0,0,100,0,0.0000,149,1,0,0,0,0,0,0.0000
1777042090014,809,HYBRID_FEE_LOCALITY,0,0,100,0,0.0000,157,1,0,0,0,0,0,0.0000
1777042091006,810,HYBRID_FEE_LOCALITY,0,0,100,0,0.0000,221,1,0,0,0,0,0,0.0000
1777042092002,811,HYBRID_FEE_LOCALITY,0,0,100,0,0.0000,175,1,0,0,0,0,0,0.0000
1777042093009,812,HYBRID_FEE_LOCALITY,0,0,100,0,0.0000,192,1,0,0,0,0,0,0.0000
1777042094010,813,HYBRID_FEE_LOCALITY,0,0,100,0,0.0000,176,4,0,0,0,0,0,0.0000
1777042095003,814,HYBRID_FEE_LOCALITY,0,0,40,0,0.0000,84,0,0,0,0,0,0,0.0000
1777042096003,815,HYBRID_FEE_LOCALITY,0,0,16,0,0.0000,34,0,0,0,0,0,0,0.0000
1777042097001,816,HYBRID_FEE_LOCALITY,0,0,7,0,0.0000,20,0,0,0,0,0,0,0.0000
1777042098002,817,HYBRID_FEE_LOCALITY,0,0,3,0,0.0000,11,0,0,0,0,0,0,0.0000
1777042099001,818,HYBRID_FEE_LOCALITY,0,0,2,0,0.0000,31,0,0,0,0,0,0,0.0000
1777042100002,819,HYBRID_FEE_LOCALITY,0,0,1,0,0.0000,5,0,0,0,0,0,0,0.0000
1777042101003,820,HYBRID_FEE_LOCALITY,0,0,0,0,0.0000,0,0,0,0,0,0,0,0.0000
1777042102002,821,HYBRID_FEE_LOCALITY,0,0,0,0,0.0000,0,0,0,0,0,0,0,0.0000
1777042103001,822,HYBRID_FEE_LOCALITY,0,0,0,0,0.0000,0,0,0,0,0,0,0,0.0000
1777042104004,823,HYBRID_FEE_LOCALITY,0,0,100,0,0.0000,309,2,0,0,0,0,0,0.0000
1777042105003,824,HYBRID_FEE_LOCALITY,0,0,100,0,0.0000,189,1,0,0,0,0,0,0.0000
1777042106004,825,HYBRID_FEE_LOCALITY,0,0,100,0,0.0000,270,1,0,0,0,0,0,0.0000
1777042107005,826,HYBRID_FEE_LOCALITY,0,0,100,0,0.0000,191,1,0,0,0,0,0,0.0000
1777042108004,827,HYBRID_FEE_LOCALITY,0,0,100,0,0.0000,229,1,0,0,0,0,0,0.0000
1777042109104,828,HYBRID_FEE_LOCALITY,0,0,100,0,0.0000,184,1,0,0,0,0,0,0.0000
1777042110003,829,HYBRID_FEE_LOCALITY,0,0,100,0,0.0000,180,1,0,0,0,0,0,0.0000
1777042111073,830,HYBRID_FEE_LOCALITY,0,0,100,0,0.0000,283,2,0,0,0,0,0,0.0000
1777042112004,831,HYBRID_FEE_LOCALITY,0,0,100,0,0.0000,192,1,0,0,0,0,0,0.0000
1777042113805,832,HYBRID_FEE_LOCALITY,0,0,100,0,0.0000,182,1,0,0,0,0,0,0.0000
1777042114254,833,HYBRID_FEE_LOCALITY,0,0,100,0,0.0000,194,1,0,0,0,0,0,0.0000
1777042115003,834,HYBRID_FEE_LOCALITY,0,0,100,0,0.0000,173,1,0,0,0,0,0,0.0000
1777042116004,835,HYBRID_FEE_LOCALITY,0,0,100,0,0.0000,184,1,0,0,0,0,0,0.0000
1777042117003,836,HYBRID_FEE_LOCALITY,0,0,100,0,0.0000,197,1,0,0,0,0,0,0.0000
1777042118004,837,HYBRID_FEE_LOCALITY,0,0,100,0,0.0000,204,1,0,0,0,0,0,0.0000
1777042119002,838,HYBRID_FEE_LOCALITY,0,0,40,0,0.0000,87,0,0,0,0,0,0,0.0000
1777042120003,839,HYBRID_FEE_LOCALITY,0,0,16,0,0.0000,82,0,0,0,0,0,0,0.0000
1777042121842,840,HYBRID_FEE_LOCALITY,0,0,3,0,0.0000,11,0,0,0,0,0,0,0.0000
1777042122003,841,HYBRID_FEE_LOCALITY,0,0,3,0,0.0000,13,0,0,0,0,0,0,0.0000
1777042123002,842,HYBRID_FEE_LOCALITY,0,0,2,0,0.0000,8,0,0,0,0,0,0,0.0000
1777042124002,843,HYBRID_FEE_LOCALITY,0,0,1,0,0.0000,4,0,0,0,0,0,0,0.0000
1777042125001,844,HYBRID_FEE_LOCALITY,0,0,0,0,0.0000,0,0,0,0,0,0,0,0.0000
1777042126001,845,HYBRID_FEE_LOCALITY,0,0,0,0,0.0000,0,0,0,0,0,0,0,0.0000
1777042127003,846,HYBRID_FEE_LOCALITY,0,0,100,0,0.0000,179,1,0,0,0,0,0,0.0000
1777042128004,847,HYBRID_FEE_LOCALITY,0,0,100,0,0.0000,151,1,0,0,0,0,0,0.0000
1777042129002,848,HYBRID_FEE_LOCALITY,0,0,100,0,0.0000,105,0,0,0,0,0,0,0.0000
1777042130002,849,HYBRID_FEE_LOCALITY,0,0,100,0,0.0000,148,1,0,0,0,0,0,0.0000
1777042131003,850,HYBRID_FEE_LOCALITY,0,0,100,0,0.0000,132,1,0,0,0,0,0,0.0000
1777042132004,851,HYBRID_FEE_LOCALITY,0,0,100,0,0.0000,208,1,0,0,0,0,0,0.0000
1777042133003,852,HYBRID_FEE_LOCALITY,0,0,100,0,0.0000,148,1,0,0,0,0,0,0.0000
1777042134002,853,HYBRID_FEE_LOCALITY,0,0,100,0,0.0000,126,0,0,0,0,0,0,0.0000
1777042135004,854,HYBRID_FEE_LOCALITY,0,0,100,0,0.0000,233,1,0,0,0,0,0,0.0000
1777042136002,855,HYBRID_FEE_LOCALITY,0,0,100,0,0.0000,188,1,0,0,0,0,0,0.0000
1777042137004,856,HYBRID_FEE_LOCALITY,0,0,100,0,0.0000,178,1,0,0,0,0,0,0.0000
1777042138003,857,HYBRID_FEE_LOCALITY,0,0,100,0,0.0000,144,1,0,0,0,0,0,0.0000
1777042139002,858,HYBRID_FEE_LOCALITY,0,0,100,0,0.0000,115,0,0,0,0,0,0,0.0000
1777042140005,859,HYBRID_FEE_LOCALITY,0,0,100,0,0.0000,163,1,0,0,0,0,0,0.0000
1777042141019,860,HYBRID_FEE_LOCALITY,0,0,100,0,0.0000,131,1,0,0,0,0,0,0.0000
1777042142004,861,HYBRID_FEE_LOCALITY,0,0,100,0,0.0000,166,1,0,0,0,0,0,0.0000
1777042143239,862,HYBRID_FEE_LOCALITY,0,0,100,0,0.0000,164,1,0,0,0,0,0,0.0000
1777042144002,863,HYBRID_FEE_LOCALITY,0,0,40,0,0.0000,50,0,0,0,0,0,0,0.0000
1777042145500,864,HYBRID_FEE_LOCALITY,0,0,7,0,0.0000,14,0,0,0,0,0,0,0.0000
1777042146002,865,HYBRID_FEE_LOCALITY,0,0,7,0,0.0000,16,0,0,0,0,0,0,0.0000
1777042147103,866,HYBRID_FEE_LOCALITY,0,0,3,0,0.0000,12,0,0,0,0,0,0,0.0000
1777042148009,867,HYBRID_FEE_LOCALITY,0,0,2,0,0.0000,7,0,0,0,0,0,0,0.0000
1777042149002,868,HYBRID_FEE_LOCALITY,0,0,1,0,0.0000,4,0,0,0,0,0,0,0.0000
1777042150000,869,HYBRID_FEE_LOCALITY,0,0,0,0,0.0000,0,0,0,0,0,0,0,0.0000
1777042151002,870,HYBRID_FEE_LOCALITY,0,0,100,0,0.0000,210,1,0,0,0,0,0,0.0000
1777042152004,871,HYBRID_FEE_LOCALITY,0,0,100,0,0.0000,212,1,0,0,0,0,0,0.0000
1777042153003,872,HYBRID_FEE_LOCALITY,0,0,100,0,0.0000,208,1,0,0,0,0,0,0.0000
1777042154004,873,HYBRID_FEE_LOCALITY,0,0,100,0,0.0000,248,1,0,0,0,0,0,0.0000
1777042155004,874,HYBRID_FEE_LOCALITY,0,0,100,0,0.0000,218,1,0,0,0,0,0,0.0000
1777042156099,875,HYBRID_FEE_LOCALITY,0,0,100,0,0.0000,247,1,0,0,0,0,0,0.0000
1777042157219,876,HYBRID_FEE_LOCALITY,0,0,100,0,0.0000,175,2,0,0,0,0,0,0.0000
1777042158003,877,HYBRID_FEE_LOCALITY,0,0,100,0,0.0000,177,1,0,0,0,0,0,0.0000
1777042159004,878,HYBRID_FEE_LOCALITY,0,0,100,0,0.0000,162,1,0,0,0,0,0,0.0000
1777042160003,879,HYBRID_FEE_LOCALITY,0,0,100,0,0.0000,184,1,0,0,0,0,0,0.0000
1777042161003,880,HYBRID_FEE_LOCALITY,0,0,100,0,0.0000,203,1,0,0,0,0,0,0.0000
1777042162003,881,HYBRID_FEE_LOCALITY,0,0,100,0,0.0000,174,1,0,0,0,0,0,0.0000
1777042163003,882,HYBRID_FEE_LOCALITY,0,0,100,0,0.0000,154,1,0,0,0,0,0,0.0000
1777042164006,883,HYBRID_FEE_LOCALITY,0,0,100,0,0.0000,161,1,0,0,0,0,0,0.0000
1777042165004,884,HYBRID_FEE_LOCALITY,0,0,100,0,0.0000,225,1,0,0,0,0,0,0.0000
1777042166003,885,HYBRID_FEE_LOCALITY,0,0,40,0,0.0000,89,0,0,0,0,0,0,0.0000
1777042167002,886,HYBRID_FEE_LOCALITY,0,0,16,0,0.0000,82,0,0,0,0,0,0,0.0000
1777042168003,887,HYBRID_FEE_LOCALITY,0,0,7,0,0.0000,16,0,0,0,0,0,0,0.0000
1777042169004,888,HYBRID_FEE_LOCALITY,0,0,3,0,0.0000,9,0,0,0,0,0,0,0.0000
1777042170003,889,HYBRID_FEE_LOCALITY,0,0,2,0,0.0000,22,0,0,0,0,0,0,0.0000
1777042171001,890,HYBRID_FEE_LOCALITY,0,0,1,0,0.0000,3,0,0,0,0,0,0,0.0000
1777042172002,891,HYBRID_FEE_LOCALITY,0,0,0,0,0.0000,0,0,0,0,0,0,0,0.0000
1777042173001,892,HYBRID_FEE_LOCALITY,0,0,0,0,0.0000,0,0,0,0,0,0,0,0.0000
1777042174001,893,HYBRID_FEE_LOCALITY,0,0,0,0,0.0000,0,0,0,0,0,0,0,0.0000
1777042175005,894,HYBRID_FEE_LOCALITY,0,0,100,0,0.0000,213,1,0,0,0,0,0,0.0000
1777042176003,895,HYBRID_FEE_LOCALITY,0,0,100,0,0.0000,159,1,0,0,0,0,0,0.0000
1777042177589,896,HYBRID_FEE_LOCALITY,0,0,100,0,0.0000,203,2,0,0,0,0,0,0.0000
1777042178002,897,HYBRID_FEE_LOCALITY,0,0,100,0,0.0000,191,1,0,0,0,0,0,0.0000
1777042181613,898,HYBRID_FEE_LOCALITY,0,0,100,0,0.0000,207,2,0,0,0,0,0,0.0000
1777042182225,899,HYBRID_FEE_LOCALITY,0,0,100,0,0.0000,202,1,0,0,0,0,0,0.0000
1777042182283,900,HYBRID_FEE_LOCALITY,0,0,100,0,0.0000,229,1,0,0,0,0,0,0.0000
1777042183326,901,HYBRID_FEE_LOCALITY,0,0,100,0,0.0000,225,1,0,0,0,0,0,0.0000
1777042183615,902,HYBRID_FEE_LOCALITY,0,0,100,0,0.0000,245,1,0,0,0,0,0,0.0000
1777042184004,903,HYBRID_FEE_LOCALITY,0,0,100,0,0.0000,214,1,0,0,0,0,0,0.0000
1777042185003,904,HYBRID_FEE_LOCALITY,0,0,100,0,0.0000,190,1,0,0,0,0,0,0.0000
1777042187236,905,HYBRID_FEE_LOCALITY,0,0,100,0,0.0000,196,1,0,0,0,0,0,0.0000
1777042188509,906,HYBRID_FEE_LOCALITY,0,0,100,0,0.0000,203,1,0,0,0,0,0,0.0000
1777042188910,907,HYBRID_FEE_LOCALITY,0,0,100,0,0.0000,161,1,0,0,0,0,0,0.0000
1777042189430,908,HYBRID_FEE_LOCALITY,0,0,100,0,0.0000,152,1,0,0,0,0,0,0.0000
1777042190002,909,HYBRID_FEE_LOCALITY,0,0,40,0,0.0000,68,0,0,0,0,0,0,0.0000
1777042191003,910,HYBRID_FEE_LOCALITY,0,0,16,0,0.0000,33,0,0,0,0,0,0,0.0000
1777042192003,911,HYBRID_FEE_LOCALITY,0,0,7,0,0.0000,19,0,0,0,0,0,0,0.0000
1777042193002,912,HYBRID_FEE_LOCALITY,0,0,3,0,0.0000,13,0,0,0,0,0,0,0.0000
1777042194001,913,HYBRID_FEE_LOCALITY,0,0,2,0,0.0000,11,0,0,0,0,0,0,0.0000
1777042195002,914,HYBRID_FEE_LOCALITY,0,0,1,0,0.0000,4,0,0,0,0,0,0,0.0000
1777042196002,915,HYBRID_FEE_LOCALITY,0,0,0,0,0.0000,0,0,0,0,0,0,0,0.0000
1777042197001,916,HYBRID_FEE_LOCALITY,0,0,0,0,0.0000,0,0,0,0,0,0,0,0.0000
1777042198519,917,HYBRID_FEE_LOCALITY,0,0,100,0,0.0000,187,1,0,0,0,0,0,0.0000
1777042199003,918,HYBRID_FEE_LOCALITY,0,0,100,0,0.0000,199,1,0,0,0,0,0,0.0000
1777042200008,919,HYBRID_FEE_LOCALITY,0,0,100,0,0.0000,197,1,0,0,0,0,0,0.0000
1777042201003,920,HYBRID_FEE_LOCALITY,0,0,100,0,0.0000,188,1,0,0,0,0,0,0.0000
1777042202004,921,HYBRID_FEE_LOCALITY,0,0,100,0,0.0000,189,1,0,0,0,0,0,0.0000
1777042203003,922,HYBRID_FEE_LOCALITY,0,0,100,0,0.0000,283,1,0,0,0,0,0,0.0000
1777042204004,923,HYBRID_FEE_LOCALITY,0,0,100,0,0.0000,293,1,0,0,0,0,0,0.0000
1777042205003,924,HYBRID_FEE_LOCALITY,0,0,100,0,0.0000,198,1,0,0,0,0,0,0.0000
1777042206003,925,HYBRID_FEE_LOCALITY,0,0,100,0,0.0000,194,1,0,0,0,0,0,0.0000
1777042207003,926,HYBRID_FEE_LOCALITY,0,0,100,0,0.0000,197,1,0,0,0,0,0,0.0000
1777042208003,927,HYBRID_FEE_LOCALITY,0,0,100,0,0.0000,234,1,0,0,0,0,0,0.0000
1777042209007,928,HYBRID_FEE_LOCALITY,0,0,100,0,0.0000,191,1,0,0,0,0,0,0.0000
1777042210002,929,HYBRID_FEE_LOCALITY,0,0,100,0,0.0000,202,1,0,0,0,0,0,0.0000
1777042211045,930,HYBRID_FEE_LOCALITY,0,0,100,0,0.0000,192,1,0,0,0,0,0,0.0000
1777042212003,931,HYBRID_FEE_LOCALITY,0,0,100,0,0.0000,190,1,0,0,0,0,0,0.0000
1777042213006,932,HYBRID_FEE_LOCALITY,0,0,40,0,0.0000,84,1,0,0,0,0,0,0.0000
1777042214003,933,HYBRID_FEE_LOCALITY,0,0,16,0,0.0000,31,0,0,0,0,0,0,0.0000
1777042215003,934,HYBRID_FEE_LOCALITY,0,0,7,0,0.0000,17,0,0,0,0,0,0,0.0000
1777042216001,935,HYBRID_FEE_LOCALITY,0,0,3,0,0.0000,10,0,0,0,0,0,0,0.0000
1777042217002,936,HYBRID_FEE_LOCALITY,0,0,2,0,0.0000,12,0,0,0,0,0,0,0.0000
1777042218002,937,HYBRID_FEE_LOCALITY,0,0,1,0,0.0000,5,0,0,0,0,0,0,0.0000
1777042219011,938,HYBRID_FEE_LOCALITY,0,0,0,0,0.0000,0,0,0,0,0,0,0,0.0000
1777042220001,939,HYBRID_FEE_LOCALITY,0,0,0,0,0.0000,0,0,0,0,0,0,0,0.0000
1777042221002,940,HYBRID_FEE_LOCALITY,0,0,100,0,0.0000,189,1,0,0,0,0,0,0.0000
1777042222003,941,HYBRID_FEE_LOCALITY,0,0,100,0,0.0000,190,1,0,0,0,0,0,0.0000
1777042223005,942,HYBRID_FEE_LOCALITY,0,0,100,0,0.0000,198,1,0,0,0,0,0,0.0000
1777042224005,943,HYBRID_FEE_LOCALITY,0,0,100,0,0.0000,214,1,0,0,0,0,0,0.0000
1777042225005,944,HYBRID_FEE_LOCALITY,0,0,100,0,0.0000,136,0,0,0,0,0,0,0.0000
1777042226003,945,HYBRID_FEE_LOCALITY,0,0,100,0,0.0000,190,1,0,0,0,0,0,0.0000
1777042227002,946,HYBRID_FEE_LOCALITY,0,0,100,0,0.0000,176,1,0,0,0,0,0,0.0000
1777042228004,947,HYBRID_FEE_LOCALITY,0,0,100,0,0.0000,178,1,0,0,0,0,0,0.0000
1777042229437,948,HYBRID_FEE_LOCALITY,0,0,100,0,0.0000,181,1,0,0,0,0,0,0.0000
1777042230146,949,HYBRID_FEE_LOCALITY,0,0,100,0,0.0000,172,1,0,0,0,0,0,0.0000
1777042231004,950,HYBRID_FEE_LOCALITY,0,0,100,0,0.0000,180,1,0,0,0,0,0,0.0000
1777042232316,951,HYBRID_FEE_LOCALITY,0,0,100,0,0.0000,199,1,0,0,0,0,0,0.0000
1777042233003,952,HYBRID_FEE_LOCALITY,0,0,100,0,0.0000,191,1,0,0,0,0,0,0.0000
1777042234006,953,HYBRID_FEE_LOCALITY,0,0,100,0,0.0000,201,1,0,0,0,0,0,0.0000
1777042235003,954,HYBRID_FEE_LOCALITY,0,0,100,0,0.0000,187,1,0,0,0,0,0,0.0000
1777042236003,955,HYBRID_FEE_LOCALITY,0,0,100,0,0.0000,150,1,0,0,0,0,0,0.0000
1777042237004,956,HYBRID_FEE_LOCALITY,0,0,40,0,0.0000,76,0,0,0,0,0,0,0.0000
1777042238002,957,HYBRID_FEE_LOCALITY,0,0,16,0,0.0000,30,0,0,0,0,0,0,0.0000
1777042239003,958,HYBRID_FEE_LOCALITY,0,0,7,0,0.0000,17,0,0,0,0,0,0,0.0000
1777042240003,959,HYBRID_FEE_LOCALITY,0,0,3,0,0.0000,11,0,0,0,0,0,0,0.0000
1777042241002,960,HYBRID_FEE_LOCALITY,0,0,2,0,0.0000,8,0,0,0,0,0,0,0.0000
1777042242026,961,HYBRID_FEE_LOCALITY,0,0,1,0,0.0000,4,5,0,0,0,0,0,0.0000
1777042243010,962,HYBRID_FEE_LOCALITY,0,0,0,0,0.0000,0,0,0,0,0,0,0,0.0000
1777042244008,963,HYBRID_FEE_LOCALITY,0,0,100,0,0.0000,144,1,0,0,0,0,0,0.0000
1777042245005,964,HYBRID_FEE_LOCALITY,0,0,100,0,0.0000,167,1,0,0,0,0,0,0.0000
1777042247503,965,HYBRID_FEE_LOCALITY,0,0,100,0,0.0000,162,1,0,0,0,0,0,0.0000
1777042247762,966,HYBRID_FEE_LOCALITY,0,0,100,0,0.0000,175,1,0,0,0,0,0,0.0000
1777042248249,967,HYBRID_FEE_LOCALITY,0,0,100,0,0.0000,176,1,0,0,0,0,0,0.0000
1777042249009,968,HYBRID_FEE_LOCALITY,0,0,100,0,0.0000,187,1,0,0,0,0,0,0.0000
1777042250023,969,HYBRID_FEE_LOCALITY,0,0,100,0,0.0000,157,1,0,0,0,0,0,0.0000
1777042251013,970,HYBRID_FEE_LOCALITY,0,0,100,0,0.0000,161,1,0,0,0,0,0,0.0000
1777042252024,971,HYBRID_FEE_LOCALITY,0,0,100,0,0.0000,149,1,0,0,0,0,0,0.0000
1777042253021,972,HYBRID_FEE_LOCALITY,0,0,100,0,0.0000,158,1,0,0,0,0,0,0.0000
1777042254003,973,HYBRID_FEE_LOCALITY,0,0,100,0,0.0000,157,1,0,0,0,0,0,0.0000
1777042255012,974,HYBRID_FEE_LOCALITY,0,0,100,0,0.0000,176,1,0,0,0,0,0,0.0000
1777042256005,975,HYBRID_FEE_LOCALITY,0,0,100,0,0.0000,166,1,0,0,0,0,0,0.0000
1777042257003,976,HYBRID_FEE_LOCALITY,0,0,100,0,0.0000,174,1,0,0,0,0,0,0.0000
1777042258004,977,HYBRID_FEE_LOCALITY,0,0,100,0,0.0000,388,1,0,0,0,0,0,0.0000
1777042259007,978,HYBRID_FEE_LOCALITY,0,0,100,0,0.0000,240,1,0,0,0,0,0,0.0000
1777042260003,979,HYBRID_FEE_LOCALITY,0,0,40,0,0.0000,148,0,0,0,0,0,0,0.0000
1777042261004,980,HYBRID_FEE_LOCALITY,0,0,16,0,0.0000,101,0,0,0,0,0,0,0.0000
1777042263090,981,HYBRID_FEE_LOCALITY,0,0,3,0,0.0000,12,0,0,0,0,0,0,0.0000
1777042263507,982,HYBRID_FEE_LOCALITY,0,0,2,0,0.0000,11,0,0,0,0,0,0,0.0000
1777042264571,983,HYBRID_FEE_LOCALITY,0,0,1,0,0.0000,4,0,0,0,0,0,0,0.0000
1777042265001,984,HYBRID_FEE_LOCALITY,0,0,1,0,0.0000,24,0,0,0,0,0,0,0.0000
1777042266002,985,HYBRID_FEE_LOCALITY,0,0,0,0,0.0000,0,0,0,0,0,0,0,0.0000
1777042267003,986,HYBRID_FEE_LOCALITY,0,0,0,0,0.0000,0,0,0,0,0,0,0,0.0000
1777042268001,987,HYBRID_FEE_LOCALITY,0,0,0,0,0.0000,0,0,0,0,0,0,0,0.0000
1777042269005,988,HYBRID_FEE_LOCALITY,0,0,100,0,0.0000,149,3,0,0,0,0,0,0.0000
1777042270003,989,HYBRID_FEE_LOCALITY,0,0,100,0,0.0000,145,1,0,0,0,0,0,0.0000
1777042271003,990,HYBRID_FEE_LOCALITY,0,0,100,0,0.0000,192,2,0,0,0,0,0,0.0000
1777042272003,991,HYBRID_FEE_LOCALITY,0,0,100,0,0.0000,153,1,0,0,0,0,0,0.0000
1777042273005,992,HYBRID_FEE_LOCALITY,0,0,100,0,0.0000,160,2,0,0,0,0,0,0.0000
1777042274004,993,HYBRID_FEE_LOCALITY,0,0,100,0,0.0000,181,1,0,0,0,0,0,0.0000
1777042275004,994,HYBRID_FEE_LOCALITY,0,0,100,0,0.0000,154,1,0,0,0,0,0,0.0000
1777042276071,995,HYBRID_FEE_LOCALITY,0,0,100,0,0.0000,207,1,0,0,0,0,0,0.0000
1777042277003,996,HYBRID_FEE_LOCALITY,0,0,100,0,0.0000,285,1,0,0,0,0,0,0.0000
1777042278003,997,HYBRID_FEE_LOCALITY,0,0,100,0,0.0000,156,1,0,0,0,0,0,0.0000
1777042279004,998,HYBRID_FEE_LOCALITY,0,0,100,0,0.0000,194,1,0,0,0,0,0,0.0000
1777042280003,999,HYBRID_FEE_LOCALITY,0,0,100,0,0.0000,193,1,0,0,0,0,0,0.0000
1777042281003,1000,HYBRID_FEE_LOCALITY,0,0,100,0,0.0000,207,1,0,0,0,0,0,0.0000
1777042282004,1001,HYBRID_FEE_LOCALITY,0,0,100,0,0.0000,191,1,0,0,0,0,0,0.0000
1777042283009,1002,HYBRID_FEE_LOCALITY,0,0,100,0,0.0000,247,1,0,0,0,0,0,0.0000
1777042284004,1003,HYBRID_FEE_LOCALITY,0,0,40,0,0.0000,90,0,0,0,0,0,0,0.0000
1777042285002,1004,HYBRID_FEE_LOCALITY,0,0,16,0,0.0000,80,0,0,0,0,0,0,0.0000
1777042286004,1005,HYBRID_FEE_LOCALITY,0,0,7,0,0.0000,20,1,0,0,0,0,0,0.0000
1777042287002,1006,HYBRID_FEE_LOCALITY,0,0,3,0,0.0000,8,0,0,0,0,0,0,0.0000
1777042288520,1007,HYBRID_FEE_LOCALITY,0,0,1,0,0.0000,3,0,0,0,0,0,0,0.0000
1777042289285,1008,HYBRID_FEE_LOCALITY,0,0,1,0,0.0000,5,0,0,0,0,0,0,0.0000
1777042290002,1009,HYBRID_FEE_LOCALITY,0,0,0,0,0.0000,0,0,0,0,0,0,0,0.0000
1777042291006,1010,HYBRID_FEE_LOCALITY,0,0,100,0,0.0000,210,1,0,0,0,0,0,0.0000
1777042292003,1011,HYBRID_FEE_LOCALITY,0,0,100,0,0.0000,213,1,0,0,0,0,0,0.0000
1777042293004,1012,HYBRID_FEE_LOCALITY,0,0,100,0,0.0000,231,1,0,0,0,0,0,0.0000
1777042294003,1013,HYBRID_FEE_LOCALITY,0,0,100,0,0.0000,214,1,0,0,0,0,0,0.0000
1777042295003,1014,HYBRID_FEE_LOCALITY,0,0,100,0,0.0000,172,1,0,0,0,0,0,0.0000
1777042296004,1015,HYBRID_FEE_LOCALITY,0,0,100,0,0.0000,177,1,0,0,0,0,0,0.0000
1777042297004,1016,HYBRID_FEE_LOCALITY,0,0,100,0,0.0000,266,2,0,0,0,0,0,0.0000
1777042298004,1017,HYBRID_FEE_LOCALITY,0,0,100,0,0.0000,241,1,0,0,0,0,0,0.0000
1777042299003,1018,HYBRID_FEE_LOCALITY,0,0,100,0,0.0000,207,1,0,0,0,0,0,0.0000
1777042300003,1019,HYBRID_FEE_LOCALITY,0,0,100,0,0.0000,168,1,0,0,0,0,0,0.0000
1777042301004,1020,HYBRID_FEE_LOCALITY,0,0,100,0,0.0000,189,1,0,0,0,0,0,0.0000
1777042302574,1021,HYBRID_FEE_LOCALITY,0,0,100,0,0.0000,237,1,0,0,0,0,0,0.0000
1777042303293,1022,HYBRID_FEE_LOCALITY,0,0,100,0,0.0000,200,1,0,0,0,0,0,0.0000
1777042304018,1023,HYBRID_FEE_LOCALITY,0,0,100,0,0.0000,167,1,0,0,0,0,0,0.0000
1777042305003,1024,HYBRID_FEE_LOCALITY,0,0,100,0,0.0000,147,1,0,0,0,0,0,0.0000
1777042306003,1025,HYBRID_FEE_LOCALITY,0,0,100,0,0.0000,188,1,0,0,0,0,0,0.0000
1777042307003,1026,HYBRID_FEE_LOCALITY,0,0,100,0,0.0000,180,1,0,0,0,0,0,0.0000
1777042308032,1027,HYBRID_FEE_LOCALITY,0,0,40,0,0.0000,82,0,0,0,0,0,0,0.0000
1777042309001,1028,HYBRID_FEE_LOCALITY,0,0,16,0,0.0000,23,0,0,0,0,0,0,0.0000
1777042310002,1029,HYBRID_FEE_LOCALITY,0,0,7,0,0.0000,23,0,0,0,0,0,0,0.0000
1777042311007,1030,HYBRID_FEE_LOCALITY,0,0,3,0,0.0000,12,0,0,0,0,0,0,0.0000
1777042312008,1031,HYBRID_FEE_LOCALITY,0,0,2,0,0.0000,9,0,0,0,0,0,0,0.0000
1777042313002,1032,HYBRID_FEE_LOCALITY,0,0,1,0,0.0000,4,0,0,0,0,0,0,0.0000
1777042314002,1033,HYBRID_FEE_LOCALITY,0,0,0,0,0.0000,0,0,0,0,0,0,0,0.0000
1777042315003,1034,HYBRID_FEE_LOCALITY,0,0,100,0,0.0000,305,2,0,0,0,0,0,0.0000
1777042316003,1035,HYBRID_FEE_LOCALITY,0,0,100,0,0.0000,189,1,0,0,0,0,0,0.0000
1777042317004,1036,HYBRID_FEE_LOCALITY,0,0,100,0,0.0000,190,1,0,0,0,0,0,0.0000
1777042318003,1037,HYBRID_FEE_LOCALITY,0,0,100,0,0.0000,188,1,0,0,0,0,0,0.0000
1777042319003,1038,HYBRID_FEE_LOCALITY,0,0,100,0,0.0000,190,1,0,0,0,0,0,0.0000
1777042320004,1039,HYBRID_FEE_LOCALITY,0,0,100,0,0.0000,145,1,0,0,0,0,0,0.0000
1777042321112,1040,HYBRID_FEE_LOCALITY,0,0,100,0,0.0000,187,1,0,0,0,0,0,0.0000
1777042322004,1041,HYBRID_FEE_LOCALITY,0,0,100,0,0.0000,192,1,0,0,0,0,0,0.0000
1777042323009,1042,HYBRID_FEE_LOCALITY,0,0,100,0,0.0000,155,1,0,0,0,0,0,0.0000
1777042324004,1043,HYBRID_FEE_LOCALITY,0,0,100,0,0.0000,179,1,0,0,0,0,0,0.0000
1777042325004,1044,HYBRID_FEE_LOCALITY,0,0,100,0,0.0000,193,1,0,0,0,0,0,0.0000
1777042326002,1045,HYBRID_FEE_LOCALITY,0,0,100,0,0.0000,151,1,0,0,0,0,0,0.0000
1777042327004,1046,HYBRID_FEE_LOCALITY,0,0,100,0,0.0000,181,1,0,0,0,0,0,0.0000
1777042328003,1047,HYBRID_FEE_LOCALITY,0,0,100,0,0.0000,193,1,0,0,0,0,0,0.0000
1777042329004,1048,HYBRID_FEE_LOCALITY,0,0,40,0,0.0000,88,0,0,0,0,0,0,0.0000
1777042330002,1049,HYBRID_FEE_LOCALITY,0,0,16,0,0.0000,37,0,0,0,0,0,0,0.0000
1777042331002,1050,HYBRID_FEE_LOCALITY,0,0,7,0,0.0000,17,0,0,0,0,0,0,0.0000
1777042332003,1051,HYBRID_FEE_LOCALITY,0,0,3,0,0.0000,9,0,0,0,0,0,0,0.0000
1777042333002,1052,HYBRID_FEE_LOCALITY,0,0,2,0,0.0000,9,0,0,0,0,0,0,0.0000
1777042334006,1053,HYBRID_FEE_LOCALITY,0,0,1,0,0.0000,5,0,0,0,0,0,0,0.0000
1777042335003,1054,HYBRID_FEE_LOCALITY,0,0,0,0,0.0000,0,0,0,0,0,0,0,0.0000
1777042336003,1055,HYBRID_FEE_LOCALITY,0,0,100,0,0.0000,157,1,0,0,0,0,0,0.0000
1777042337025,1056,HYBRID_FEE_LOCALITY,0,0,100,0,0.0000,168,1,0,0,0,0,0,0.0000
1777042338103,1057,HYBRID_FEE_LOCALITY,0,0,100,0,0.0000,641,6,0,0,0,0,0,0.0000
1777042339003,1058,HYBRID_FEE_LOCALITY,0,0,100,0,0.0000,186,1,0,0,0,0,0,0.0000
1777042340003,1059,HYBRID_FEE_LOCALITY,0,0,100,0,0.0000,176,1,0,0,0,0,0,0.0000
1777042341003,1060,HYBRID_FEE_LOCALITY,0,0,100,0,0.0000,182,1,0,0,0,0,0,0.0000
1777042342004,1061,HYBRID_FEE_LOCALITY,0,0,100,0,0.0000,209,1,0,0,0,0,0,0.0000
1777042343003,1062,HYBRID_FEE_LOCALITY,0,0,100,0,0.0000,132,1,0,0,0,0,0,0.0000
1777042344500,1063,HYBRID_FEE_LOCALITY,0,0,100,0,0.0000,275,2,0,0,0,0,0,0.0000
1777042345256,1064,HYBRID_FEE_LOCALITY,0,0,100,0,0.0000,136,2,0,0,0,0,0,0.0000
1777042346003,1065,HYBRID_FEE_LOCALITY,0,0,100,0,0.0000,149,1,0,0,0,0,0,0.0000
1777042347002,1066,HYBRID_FEE_LOCALITY,0,0,100,0,0.0000,126,0,0,0,0,0,0,0.0000
1777042348006,1067,HYBRID_FEE_LOCALITY,0,0,100,0,0.0000,156,1,0,0,0,0,0,0.0000
1777042349003,1068,HYBRID_FEE_LOCALITY,0,0,100,0,0.0000,139,1,0,0,0,0,0,0.0000
1777042350003,1069,HYBRID_FEE_LOCALITY,0,0,100,0,0.0000,163,1,0,0,0,0,0,0.0000
1777042351512,1070,HYBRID_FEE_LOCALITY,0,0,16,0,0.0000,35,0,0,0,0,0,0,0.0000
1777042352002,1071,HYBRID_FEE_LOCALITY,0,0,16,0,0.0000,39,0,0,0,0,0,0,0.0000
1777042353265,1072,HYBRID_FEE_LOCALITY,0,0,7,0,0.0000,17,0,0,0,0,0,0,0.0000
1777042354455,1073,HYBRID_FEE_LOCALITY,0,0,2,0,0.0000,9,2,0,0,0,0,0,0.0000
1777042355498,1074,HYBRID_FEE_LOCALITY,0,0,102,0,0.0000,207,1,0,0,0,0,0,0.0000
1777042356255,1075,HYBRID_FEE_LOCALITY,0,0,102,0,0.0000,313,1,0,0,0,0,0,0.0000
1777042357015,1076,HYBRID_FEE_LOCALITY,0,0,102,0,0.0000,182,1,0,0,0,0,0,0.0000
1777042358002,1077,HYBRID_FEE_LOCALITY,0,0,102,0,0.0000,198,1,0,0,0,0,0,0.0000
1777042359003,1078,HYBRID_FEE_LOCALITY,0,0,102,0,0.0000,166,0,0,0,0,0,0,0.0000
1777042360003,1079,HYBRID_FEE_LOCALITY,0,0,102,0,0.0000,124,1,0,0,0,0,0,0.0000
1777042361004,1080,HYBRID_FEE_LOCALITY,0,0,102,0,0.0000,300,1,0,0,0,0,0,0.0000
1777042362003,1081,HYBRID_FEE_LOCALITY,0,0,102,0,0.0000,123,0,0,0,0,0,0,0.0000
1777042363003,1082,HYBRID_FEE_LOCALITY,0,0,102,0,0.0000,149,1,0,0,0,0,0,0.0000
1777042364003,1083,HYBRID_FEE_LOCALITY,0,0,102,0,0.0000,218,1,0,0,0,0,0,0.0000
1777042365003,1084,HYBRID_FEE_LOCALITY,0,0,102,0,0.0000,196,1,0,0,0,0,0,0.0000
1777042366003,1085,HYBRID_FEE_LOCALITY,0,0,102,0,0.0000,149,1,0,0,0,0,0,0.0000
1777042367003,1086,HYBRID_FEE_LOCALITY,0,0,102,0,0.0000,177,1,0,0,0,0,0,0.0000
1777042368010,1087,HYBRID_FEE_LOCALITY,0,0,102,0,0.0000,153,1,0,0,0,0,0,0.0000
1777042369002,1088,HYBRID_FEE_LOCALITY,0,0,41,0,0.0000,86,0,0,0,0,0,0,0.0000
1777042370001,1089,HYBRID_FEE_LOCALITY,0,0,17,0,0.0000,66,0,0,0,0,0,0,0.0000
1777042371002,1090,HYBRID_FEE_LOCALITY,0,0,7,0,0.0000,20,0,0,0,0,0,0,0.0000
1777042372154,1091,HYBRID_FEE_LOCALITY,0,0,3,0,0.0000,12,0,0,0,0,0,0,0.0000
1777042373415,1092,HYBRID_FEE_LOCALITY,0,0,2,0,0.0000,11,0,0,0,0,0,0,0.0000
1777042374002,1093,HYBRID_FEE_LOCALITY,0,0,1,0,0.0000,4,0,0,0,0,0,0,0.0000
1777042375000,1094,HYBRID_FEE_LOCALITY,0,0,0,0,0.0000,0,0,0,0,0,0,0,0.0000
1777042376003,1095,HYBRID_FEE_LOCALITY,0,0,100,0,0.0000,237,1,0,0,0,0,0,0.0000
1777042377004,1096,HYBRID_FEE_LOCALITY,0,0,100,0,0.0000,179,1,0,0,0,0,0,0.0000
1777042378004,1097,HYBRID_FEE_LOCALITY,0,0,100,0,0.0000,216,1,0,0,0,0,0,0.0000
1777042379003,1098,HYBRID_FEE_LOCALITY,0,0,100,0,0.0000,181,1,0,0,0,0,0,0.0000
1777042380005,1099,HYBRID_FEE_LOCALITY,0,0,100,0,0.0000,201,1,0,0,0,0,0,0.0000
1777042381004,1100,HYBRID_FEE_LOCALITY,0,0,100,0,0.0000,199,1,0,0,0,0,0,0.0000
1777042382004,1101,HYBRID_FEE_LOCALITY,0,0,100,0,0.0000,168,1,0,0,0,0,0,0.0000
1777042383428,1102,HYBRID_FEE_LOCALITY,0,0,100,0,0.0000,278,1,0,0,0,0,0,0.0000
1777042384004,1103,HYBRID_FEE_LOCALITY,0,0,100,0,0.0000,179,1,0,0,0,0,0,0.0000
1777042385004,1104,HYBRID_FEE_LOCALITY,0,0,100,0,0.0000,191,1,0,0,0,0,0,0.0000
1777042386003,1105,HYBRID_FEE_LOCALITY,0,0,100,0,0.0000,218,1,0,0,0,0,0,0.0000
1777042387927,1106,HYBRID_FEE_LOCALITY,0,0,100,0,0.0000,161,1,0,0,0,0,0,0.0000
1777042388005,1107,HYBRID_FEE_LOCALITY,0,0,100,0,0.0000,203,1,0,0,0,0,0,0.0000
1777042389102,1108,HYBRID_FEE_LOCALITY,0,0,100,0,0.0000,195,1,0,0,0,0,0,0.0000
1777042390003,1109,HYBRID_FEE_LOCALITY,0,0,40,0,0.0000,97,0,0,0,0,0,0,0.0000
1777042391002,1110,HYBRID_FEE_LOCALITY,0,0,16,0,0.0000,39,0,0,0,0,0,0,0.0000
1777042392472,1111,HYBRID_FEE_LOCALITY,0,0,3,0,0.0000,16,0,0,0,0,0,0,0.0000
1777042393373,1112,HYBRID_FEE_LOCALITY,0,0,3,0,0.0000,11,0,0,0,0,0,0,0.0000
1777042394002,1113,HYBRID_FEE_LOCALITY,0,0,2,0,0.0000,11,0,0,0,0,0,0,0.0000
1777042395003,1114,HYBRID_FEE_LOCALITY,0,0,102,0,0.0000,186,1,0,0,0,0,0,0.0000
1777042396004,1115,HYBRID_FEE_LOCALITY,0,0,102,0,0.0000,172,1,0,0,0,0,0,0.0000
1777042397002,1116,HYBRID_FEE_LOCALITY,0,0,102,0,0.0000,169,1,0,0,0,0,0,0.0000
1777042398004,1117,HYBRID_FEE_LOCALITY,0,0,102,0,0.0000,210,1,0,0,0,0,0,0.0000
1777042399003,1118,HYBRID_FEE_LOCALITY,0,0,102,0,0.0000,211,1,0,0,0,0,0,0.0000
1777042400003,1119,HYBRID_FEE_LOCALITY,0,0,102,0,0.0000,207,1,0,0,0,0,0,0.0000
1777042401003,1120,HYBRID_FEE_LOCALITY,0,0,102,0,0.0000,212,1,0,0,0,0,0,0.0000
1777042402003,1121,HYBRID_FEE_LOCALITY,0,0,102,0,0.0000,183,1,0,0,0,0,0,0.0000
1777042403004,1122,HYBRID_FEE_LOCALITY,0,0,102,0,0.0000,220,1,0,0,0,0,0,0.0000
1777042404003,1123,HYBRID_FEE_LOCALITY,0,0,102,0,0.0000,215,1,0,0,0,0,0,0.0000
1777042405111,1124,HYBRID_FEE_LOCALITY,0,0,102,0,0.0000,209,1,0,0,0,0,0,0.0000
1777042406003,1125,HYBRID_FEE_LOCALITY,0,0,102,0,0.0000,165,1,0,0,0,0,0,0.0000
1777042407403,1126,HYBRID_FEE_LOCALITY,0,0,102,0,0.0000,174,1,0,0,0,0,0,0.0000
1777042408005,1127,HYBRID_FEE_LOCALITY,0,0,102,0,0.0000,168,1,0,0,0,0,0,0.0000
1777042409004,1128,HYBRID_FEE_LOCALITY,0,0,41,0,0.0000,96,0,0,0,0,0,0,0.0000
1777042410003,1129,HYBRID_FEE_LOCALITY,0,0,17,0,0.0000,31,0,0,0,0,0,0,0.0000
1777042411012,1130,HYBRID_FEE_LOCALITY,0,0,7,0,0.0000,22,0,0,0,0,0,0,0.0000
1777042412002,1131,HYBRID_FEE_LOCALITY,0,0,3,0,0.0000,12,0,0,0,0,0,0,0.0000
1777042413001,1132,HYBRID_FEE_LOCALITY,0,0,2,0,0.0000,10,0,0,0,0,0,0,0.0000
1777042414002,1133,HYBRID_FEE_LOCALITY,0,0,1,0,0.0000,3,0,0,0,0,0,0,0.0000
1777042415002,1134,HYBRID_FEE_LOCALITY,0,0,101,0,0.0000,149,1,0,0,0,0,0,0.0000
1777042416004,1135,HYBRID_FEE_LOCALITY,0,0,101,0,0.0000,196,1,0,0,0,0,0,0.0000
1777042417003,1136,HYBRID_FEE_LOCALITY,0,0,101,0,0.0000,179,1,0,0,0,0,0,0.0000
1777042418003,1137,HYBRID_FEE_LOCALITY,0,0,101,0,0.0000,199,1,0,0,0,0,0,0.0000
1777042419003,1138,HYBRID_FEE_LOCALITY,0,0,101,0,0.0000,198,1,0,0,0,0,0,0.0000
1777042420003,1139,HYBRID_FEE_LOCALITY,0,0,101,0,0.0000,185,1,0,0,0,0,0,0.0000
1777042421003,1140,HYBRID_FEE_LOCALITY,0,0,101,0,0.0000,118,1,0,0,0,0,0,0.0000
1777042422003,1141,HYBRID_FEE_LOCALITY,0,0,101,0,0.0000,169,1,0,0,0,0,0,0.0000
1777042423006,1142,HYBRID_FEE_LOCALITY,0,0,101,0,0.0000,147,1,0,0,0,0,0,0.0000
1777042424005,1143,HYBRID_FEE_LOCALITY,0,0,101,0,0.0000,203,1,0,0,0,0,0,0.0000
1777042425003,1144,HYBRID_FEE_LOCALITY,0,0,101,0,0.0000,184,1,0,0,0,0,0,0.0000
1777042426006,1145,HYBRID_FEE_LOCALITY,0,0,101,0,0.0000,179,1,0,0,0,0,0,0.0000
1777042427507,1146,HYBRID_FEE_LOCALITY,0,0,101,0,0.0000,173,1,0,0,0,0,0,0.0000
1777042428002,1147,HYBRID_FEE_LOCALITY,0,0,101,0,0.0000,125,0,0,0,0,0,0,0.0000
1777042429002,1148,HYBRID_FEE_LOCALITY,0,0,101,0,0.0000,127,0,0,0,0,0,0,0.0000
1777042430007,1149,HYBRID_FEE_LOCALITY,0,0,101,0,0.0000,185,1,0,0,0,0,0,0.0000
1777042431003,1150,HYBRID_FEE_LOCALITY,0,0,101,0,0.0000,186,1,0,0,0,0,0,0.0000
1777042432004,1151,HYBRID_FEE_LOCALITY,0,0,101,0,0.0000,179,1,0,0,0,0,0,0.0000
1777042433005,1152,HYBRID_FEE_LOCALITY,0,0,101,0,0.0000,174,1,0,0,0,0,0,0.0000
1777042434002,1153,HYBRID_FEE_LOCALITY,0,0,101,0,0.0000,125,1,0,0,0,0,0,0.0000
1777042435003,1154,HYBRID_FEE_LOCALITY,0,0,101,0,0.0000,143,1,0,0,0,0,0,0.0000
1777042436001,1155,HYBRID_FEE_LOCALITY,0,0,101,0,0.0000,98,0,0,0,0,0,0,0.0000
1777042437002,1156,HYBRID_FEE_LOCALITY,0,0,101,0,0.0000,109,1,0,0,0,0,0,0.0000
1777042438003,1157,HYBRID_FEE_LOCALITY,0,0,101,0,0.0000,142,1,0,0,0,0,0,0.0000
1777042439003,1158,HYBRID_FEE_LOCALITY,0,0,101,0,0.0000,133,1,0,0,0,0,0,0.0000
1777042440008,1159,HYBRID_FEE_LOCALITY,0,0,101,0,0.0000,135,1,0,0,0,0,0,0.0000
1777042441003,1160,HYBRID_FEE_LOCALITY,0,0,101,0,0.0000,177,1,0,0,0,0,0,0.0000
1777042442002,1161,HYBRID_FEE_LOCALITY,0,0,101,0,0.0000,143,1,0,0,0,0,0,0.0000
1777042443003,1162,HYBRID_FEE_LOCALITY,0,0,101,0,0.0000,137,1,0,0,0,0,0,0.0000
1777042444024,1163,HYBRID_FEE_LOCALITY,0,0,101,0,0.0000,83,0,0,0,0,0,0,0.0000
1777042445002,1164,HYBRID_FEE_LOCALITY,0,0,101,0,0.0000,81,0,0,0,0,0,0,0.0000
1777042446003,1165,HYBRID_FEE_LOCALITY,0,0,101,0,0.0000,125,1,0,0,0,0,0,0.0000
1777042447003,1166,HYBRID_FEE_LOCALITY,0,0,101,0,0.0000,87,0,0,0,0,0,0,0.0000
1777042448002,1167,HYBRID_FEE_LOCALITY,0,0,101,0,0.0000,105,1,0,0,0,0,0,0.0000
1777042449682,1168,HYBRID_FEE_LOCALITY,0,0,101,0,0.0000,76,0,0,0,0,0,0,0.0000
1777042450002,1169,HYBRID_FEE_LOCALITY,0,0,101,0,0.0000,81,0,0,0,0,0,0,0.0000
1777042451003,1170,HYBRID_FEE_LOCALITY,0,0,101,0,0.0000,81,1,0,0,0,0,0,0.0000
1777042452005,1171,HYBRID_FEE_LOCALITY,0,0,101,0,0.0000,125,1,0,0,0,0,0,0.0000
1777042453002,1172,HYBRID_FEE_LOCALITY,0,0,101,0,0.0000,141,1,0,0,0,0,0,0.0000
1777042454008,1173,HYBRID_FEE_LOCALITY,0,0,101,0,0.0000,132,1,0,0,0,0,0,0.0000
1777042455003,1174,HYBRID_FEE_LOCALITY,0,0,101,0,0.0000,133,1,0,0,0,0,0,0.0000
1777042456003,1175,HYBRID_FEE_LOCALITY,0,0,101,0,0.0000,100,0,0,0,0,0,0,0.0000
1777042457007,1176,HYBRID_FEE_LOCALITY,0,0,101,0,0.0000,97,0,0,0,0,0,0,0.0000
1777042458004,1177,HYBRID_FEE_LOCALITY,0,0,101,0,0.0000,150,1,0,0,0,0,0,0.0000
1777042459006,1178,HYBRID_FEE_LOCALITY,0,0,101,0,0.0000,151,1,0,0,0,0,0,0.0000
1777042460003,1179,HYBRID_FEE_LOCALITY,0,0,101,0,0.0000,154,1,0,0,0,0,0,0.0000
1777042461005,1180,HYBRID_FEE_LOCALITY,0,0,101,0,0.0000,126,1,0,0,0,0,0,0.0000
1777042462004,1181,HYBRID_FEE_LOCALITY,0,0,101,0,0.0000,105,1,0,0,0,0,0,0.0000
1777042463003,1182,HYBRID_FEE_LOCALITY,0,0,101,0,0.0000,168,1,0,0,0,0,0,0.0000
1777042464003,1183,HYBRID_FEE_LOCALITY,0,0,101,0,0.0000,154,2,0,0,0,0,0,0.0000
1777042465003,1184,HYBRID_FEE_LOCALITY,0,0,101,0,0.0000,142,1,0,0,0,0,0,0.0000
1777042466004,1185,HYBRID_FEE_LOCALITY,0,0,101,0,0.0000,152,1,0,0,0,0,0,0.0000
1777042467004,1186,HYBRID_FEE_LOCALITY,0,0,101,0,0.0000,154,1,0,0,0,0,0,0.0000
1777042468009,1187,HYBRID_FEE_LOCALITY,0,0,101,0,0.0000,184,2,0,0,0,0,0,0.0000
1777042469527,1188,HYBRID_FEE_LOCALITY,0,0,41,0,0.0000,80,1,0,0,0,0,0,0.0000
1777042470002,1189,HYBRID_FEE_LOCALITY,0,0,41,0,0.0000,107,0,0,0,0,0,0,0.0000
1777042471004,1190,HYBRID_FEE_LOCALITY,0,0,141,0,0.0000,313,2,0,0,0,0,0,0.0000
1777042472007,1191,HYBRID_FEE_LOCALITY,0,0,141,0,0.0000,363,2,0,0,0,0,0,0.0000
1777042473005,1192,HYBRID_FEE_LOCALITY,0,0,141,0,0.0000,271,1,0,0,0,0,0,0.0000
1777042474004,1193,HYBRID_FEE_LOCALITY,0,0,141,0,0.0000,270,1,0,0,0,0,0,0.0000
1777042475003,1194,HYBRID_FEE_LOCALITY,0,0,141,0,0.0000,282,1,0,0,0,0,0,0.0000
1777042476005,1195,HYBRID_FEE_LOCALITY,0,0,141,0,0.0000,271,1,0,0,0,0,0,0.0000
1777042477011,1196,HYBRID_FEE_LOCALITY,0,0,141,0,0.0000,278,1,0,0,0,0,0,0.0000
1777042478004,1197,HYBRID_FEE_LOCALITY,0,0,141,0,0.0000,283,1,0,0,0,0,0,0.0000
1777042479003,1198,HYBRID_FEE_LOCALITY,0,0,141,0,0.0000,238,1,0,0,0,0,0,0.0000
1777042480004,1199,HYBRID_FEE_LOCALITY,0,0,141,0,0.0000,274,1,0,0,0,0,0,0.0000
1777042481003,1200,HYBRID_FEE_LOCALITY,0,0,141,0,0.0000,282,1,0,0,0,0,0,0.0000
1777042482005,1201,HYBRID_FEE_LOCALITY,0,0,141,0,0.0000,538,2,0,0,0,0,0,0.0000
1777042483310,1202,HYBRID_FEE_LOCALITY,0,0,141,0,0.0000,277,2,0,0,0,0,0,0.0000
1777042484548,1203,HYBRID_FEE_LOCALITY,0,0,141,0,0.0000,298,2,0,0,0,0,0,0.0000
1777042485004,1204,HYBRID_FEE_LOCALITY,0,0,141,0,0.0000,279,2,0,0,0,0,0,0.0000
1777042486003,1205,HYBRID_FEE_LOCALITY,0,0,141,0,0.0000,211,1,0,0,0,0,0,0.0000
1777042487005,1206,HYBRID_FEE_LOCALITY,0,0,141,0,0.0000,246,2,0,0,0,0,0,0.0000
1777042488072,1207,HYBRID_FEE_LOCALITY,0,0,141,0,0.0000,160,1,0,0,0,0,0,0.0000
1777042489003,1208,HYBRID_FEE_LOCALITY,0,0,141,0,0.0000,219,1,0,0,0,0,0,0.0000
1777042490004,1209,HYBRID_FEE_LOCALITY,0,0,141,0,0.0000,211,1,0,0,0,0,0,0.0000
1777042491003,1210,HYBRID_FEE_LOCALITY,0,0,141,0,0.0000,214,1,0,0,0,0,0,0.0000
1777042492016,1211,HYBRID_FEE_LOCALITY,0,0,141,0,0.0000,257,1,0,0,0,0,0,0.0000
1777042493004,1212,HYBRID_FEE_LOCALITY,0,0,141,0,0.0000,244,1,0,0,0,0,0,0.0000
1777042494009,1213,HYBRID_FEE_LOCALITY,0,0,141,0,0.0000,241,1,0,0,0,0,0,0.0000
1777042495004,1214,HYBRID_FEE_LOCALITY,0,0,141,0,0.0000,242,1,0,0,0,0,0,0.0000
1777042496004,1215,HYBRID_FEE_LOCALITY,0,0,141,0,0.0000,208,1,0,0,0,0,0,0.0000
1777042497003,1216,HYBRID_FEE_LOCALITY,0,0,141,0,0.0000,255,1,0,0,0,0,0,0.0000
1777042499295,1217,HYBRID_FEE_LOCALITY,0,0,141,0,0.0000,234,1,0,0,0,0,0,0.0000
1777042499725,1218,HYBRID_FEE_LOCALITY,0,0,57,0,0.0000,101,0,0,0,0,0,0,0.0000
1777042500403,1219,HYBRID_FEE_LOCALITY,0,0,57,0,0.0000,62,0,0,0,0,0,0,0.0000
1777042501116,1220,HYBRID_FEE_LOCALITY,0,0,157,0,0.0000,225,1,0,0,0,0,0,0.0000
1777042502231,1221,HYBRID_FEE_LOCALITY,0,0,157,0,0.0000,265,2,0,0,0,0,0,0.0000
1777042503003,1222,HYBRID_FEE_LOCALITY,0,0,157,0,0.0000,215,1,0,0,0,0,0,0.0000
1777042504003,1223,HYBRID_FEE_LOCALITY,0,0,157,0,0.0000,260,1,0,0,0,0,0,0.0000
1777042505003,1224,HYBRID_FEE_LOCALITY,0,0,157,0,0.0000,295,1,0,0,0,0,0,0.0000
1777042506005,1225,HYBRID_FEE_LOCALITY,0,0,157,0,0.0000,310,2,0,0,0,0,0,0.0000
1777042507003,1226,HYBRID_FEE_LOCALITY,0,0,157,0,0.0000,298,1,0,0,0,0,0,0.0000
1777042508440,1227,HYBRID_FEE_LOCALITY,0,0,157,0,0.0000,522,3,0,0,0,0,0,0.0000
1777042509392,1228,HYBRID_FEE_LOCALITY,0,0,157,0,0.0000,301,2,0,0,0,0,0,0.0000
1777042510003,1229,HYBRID_FEE_LOCALITY,0,0,157,0,0.0000,274,2,0,0,0,0,0,0.0000
1777042511005,1230,HYBRID_FEE_LOCALITY,0,0,157,0,0.0000,255,1,0,0,0,0,0,0.0000
1777042512004,1231,HYBRID_FEE_LOCALITY,0,0,157,0,0.0000,263,1,0,0,0,0,0,0.0000
1777042513007,1232,HYBRID_FEE_LOCALITY,0,0,157,0,0.0000,271,1,0,0,0,0,0,0.0000
1777042514004,1233,HYBRID_FEE_LOCALITY,0,0,157,0,0.0000,274,1,0,0,0,0,0,0.0000
1777042515021,1234,HYBRID_FEE_LOCALITY,0,0,157,0,0.0000,281,1,0,0,0,0,0,0.0000
1777042516004,1235,HYBRID_FEE_LOCALITY,0,0,157,0,0.0000,269,1,0,0,0,0,0,0.0000
1777042517004,1236,HYBRID_FEE_LOCALITY,0,0,157,0,0.0000,265,1,0,0,0,0,0,0.0000
1777042519037,1237,HYBRID_FEE_LOCALITY,0,0,157,0,0.0000,283,2,0,0,0,0,0,0.0000
1777042519349,1238,HYBRID_FEE_LOCALITY,0,0,157,0,0.0000,310,2,0,0,0,0,0,0.0000
1777042520491,1239,HYBRID_FEE_LOCALITY,0,0,157,0,0.0000,340,2,0,0,0,0,0,0.0000
1777042521031,1240,HYBRID_FEE_LOCALITY,0,0,157,0,0.0000,319,2,0,0,0,0,0,0.0000
1777042522004,1241,HYBRID_FEE_LOCALITY,0,0,157,0,0.0000,291,2,0,0,0,0,0,0.0000
1777042523004,1242,HYBRID_FEE_LOCALITY,0,0,157,0,0.0000,450,2,0,0,0,0,0,0.0000
1777042524012,1243,HYBRID_FEE_LOCALITY,0,0,157,0,0.0000,288,1,0,0,0,0,0,0.0000
1777042525004,1244,HYBRID_FEE_LOCALITY,0,0,157,0,0.0000,421,2,0,0,0,0,0,0.0000
1777042526005,1245,HYBRID_FEE_LOCALITY,0,0,157,0,0.0000,290,2,0,0,0,0,0,0.0000
1777042527003,1246,HYBRID_FEE_LOCALITY,0,0,63,0,0.0000,95,1,0,0,0,0,0,0.0000
1777042528003,1247,HYBRID_FEE_LOCALITY,0,0,26,0,0.0000,75,1,0,0,0,0,0,0.0000
1777042530678,1248,HYBRID_FEE_LOCALITY,0,0,111,0,0.0000,231,1,0,0,0,0,0,0.0000
1777042531052,1249,HYBRID_FEE_LOCALITY,0,0,111,0,0.0000,226,1,0,0,0,0,0,0.0000
1777042531685,1250,HYBRID_FEE_LOCALITY,0,0,111,0,0.0000,236,1,0,0,0,0,0,0.0000
1777042532739,1251,HYBRID_FEE_LOCALITY,0,0,111,0,0.0000,208,1,0,0,0,0,0,0.0000
1777042533379,1252,HYBRID_FEE_LOCALITY,0,0,111,0,0.0000,205,1,0,0,0,0,0,0.0000
1777042534002,1253,HYBRID_FEE_LOCALITY,0,0,111,0,0.0000,198,1,0,0,0,0,0,0.0000
1777042535004,1254,HYBRID_FEE_LOCALITY,0,0,111,0,0.0000,315,1,0,0,0,0,0,0.0000
1777042536004,1255,HYBRID_FEE_LOCALITY,0,0,111,0,0.0000,246,1,0,0,0,0,0,0.0000
1777042537006,1256,HYBRID_FEE_LOCALITY,0,0,111,0,0.0000,286,2,0,0,0,0,0,0.0000
1777042538003,1257,HYBRID_FEE_LOCALITY,0,0,111,0,0.0000,184,1,0,0,0,0,0,0.0000
1777042539003,1258,HYBRID_FEE_LOCALITY,0,0,111,0,0.0000,307,2,0,0,0,0,0,0.0000
1777042540003,1259,HYBRID_FEE_LOCALITY,0,0,111,0,0.0000,230,1,0,0,0,0,0,0.0000
1777042541003,1260,HYBRID_FEE_LOCALITY,0,0,111,0,0.0000,184,1,0,0,0,0,0,0.0000
1777042542003,1261,HYBRID_FEE_LOCALITY,0,0,111,0,0.0000,228,1,0,0,0,0,0,0.0000
1777042543003,1262,HYBRID_FEE_LOCALITY,0,0,111,0,0.0000,208,1,0,0,0,0,0,0.0000
1777042544004,1263,HYBRID_FEE_LOCALITY,0,0,111,0,0.0000,222,1,0,0,0,0,0,0.0000
1777042545003,1264,HYBRID_FEE_LOCALITY,0,0,111,0,0.0000,321,2,0,0,0,0,0,0.0000
1777042546004,1265,HYBRID_FEE_LOCALITY,0,0,111,0,0.0000,207,1,0,0,0,0,0,0.0000
1777042547004,1266,HYBRID_FEE_LOCALITY,0,0,111,0,0.0000,178,1,0,0,0,0,0,0.0000
1777042548004,1267,HYBRID_FEE_LOCALITY,0,0,111,0,0.0000,213,1,0,0,0,0,0,0.0000
1777042549003,1268,HYBRID_FEE_LOCALITY,0,0,111,0,0.0000,140,0,0,0,0,0,0,0.0000
1777042550350,1269,HYBRID_FEE_LOCALITY,0,0,111,0,0.0000,138,0,0,0,0,0,0,0.0000
1777042551004,1270,HYBRID_FEE_LOCALITY,0,0,111,0,0.0000,155,2,0,0,0,0,0,0.0000
1777042552003,1271,HYBRID_FEE_LOCALITY,0,0,111,0,0.0000,148,1,0,0,0,0,0,0.0000
1777042554202,1272,HYBRID_FEE_LOCALITY,0,0,111,0,0.0000,163,1,0,0,0,0,0,0.0000
1777042554677,1273,HYBRID_FEE_LOCALITY,0,0,111,0,0.0000,199,1,0,0,0,0,0,0.0000
1777042555738,1274,HYBRID_FEE_LOCALITY,0,0,111,0,0.0000,154,1,0,0,0,0,0,0.0000
1777042556003,1275,HYBRID_FEE_LOCALITY,0,0,111,0,0.0000,199,1,0,0,0,0,0,0.0000
1777042558553,1276,HYBRID_FEE_LOCALITY,0,0,8,0,0.0000,20,0,0,0,0,0,0,0.0000
1777042558736,1277,HYBRID_FEE_LOCALITY,0,0,8,0,0.0000,19,0,0,0,0,0,0,0.0000
1777042559080,1278,HYBRID_FEE_LOCALITY,0,0,8,0,0.0000,23,0,0,0,0,0,0,0.0000
1777042560005,1279,HYBRID_FEE_LOCALITY,0,0,108,0,0.0000,197,1,0,0,0,0,0,0.0000
1777042561005,1280,HYBRID_FEE_LOCALITY,0,0,108,0,0.0000,202,1,0,0,0,0,0,0.0000
1777042562002,1281,HYBRID_FEE_LOCALITY,0,0,108,0,0.0000,176,1,0,0,0,0,0,0.0000
1777042563003,1282,HYBRID_FEE_LOCALITY,0,0,108,0,0.0000,198,1,0,0,0,0,0,0.0000
1777042564003,1283,HYBRID_FEE_LOCALITY,0,0,108,0,0.0000,187,1,0,0,0,0,0,0.0000
1777042565004,1284,HYBRID_FEE_LOCALITY,0,0,108,0,0.0000,191,1,0,0,0,0,0,0.0000
1777042566003,1285,HYBRID_FEE_LOCALITY,0,0,108,0,0.0000,188,1,0,0,0,0,0,0.0000
1777042567247,1286,HYBRID_FEE_LOCALITY,0,0,108,0,0.0000,192,1,0,0,0,0,0,0.0000
1777042568003,1287,HYBRID_FEE_LOCALITY,0,0,108,0,0.0000,207,1,0,0,0,0,0,0.0000
1777042569004,1288,HYBRID_FEE_LOCALITY,0,0,108,0,0.0000,201,1,0,0,0,0,0,0.0000
1777042570003,1289,HYBRID_FEE_LOCALITY,0,0,108,0,0.0000,195,1,0,0,0,0,0,0.0000
1777042571003,1290,HYBRID_FEE_LOCALITY,0,0,108,0,0.0000,218,1,0,0,0,0,0,0.0000
1777042572003,1291,HYBRID_FEE_LOCALITY,0,0,108,0,0.0000,226,1,0,0,0,0,0,0.0000
1777042573003,1292,HYBRID_FEE_LOCALITY,0,0,108,0,0.0000,166,1,0,0,0,0,0,0.0000
1777042574343,1293,HYBRID_FEE_LOCALITY,0,0,108,0,0.0000,1030,3,0,0,0,0,0,0.0000
1777042575072,1294,HYBRID_FEE_LOCALITY,0,0,108,0,0.0000,278,2,0,0,0,0,0,0.0000
1777042576004,1295,HYBRID_FEE_LOCALITY,0,0,108,0,0.0000,173,1,0,0,0,0,0,0.0000
1777042577003,1296,HYBRID_FEE_LOCALITY,0,0,108,0,0.0000,184,1,0,0,0,0,0,0.0000
1777042578003,1297,HYBRID_FEE_LOCALITY,0,0,108,0,0.0000,178,1,0,0,0,0,0,0.0000
1777042579004,1298,HYBRID_FEE_LOCALITY,0,0,108,0,0.0000,220,1,0,0,0,0,0,0.0000
1777042580003,1299,HYBRID_FEE_LOCALITY,0,0,108,0,0.0000,163,1,0,0,0,0,0,0.0000
1777042581003,1300,HYBRID_FEE_LOCALITY,0,0,108,0,0.0000,157,1,0,0,0,0,0,0.0000
1777042582003,1301,HYBRID_FEE_LOCALITY,0,0,108,0,0.0000,165,1,0,0,0,0,0,0.0000
1777042583003,1302,HYBRID_FEE_LOCALITY,0,0,108,0,0.0000,180,1,0,0,0,0,0,0.0000
1777042584005,1303,HYBRID_FEE_LOCALITY,0,0,44,0,0.0000,104,1,0,0,0,0,0,0.0000
1777042585003,1304,HYBRID_FEE_LOCALITY,0,0,18,0,0.0000,40,0,0,0,0,0,0,0.0000
1777042586003,1305,HYBRID_FEE_LOCALITY,0,0,8,0,0.0000,17,0,0,0,0,0,0,0.0000
1777042587003,1306,HYBRID_FEE_LOCALITY,0,0,108,0,0.0000,224,2,0,0,0,0,0,0.0000
1777042588004,1307,HYBRID_FEE_LOCALITY,0,0,108,0,0.0000,188,1,0,0,0,0,0,0.0000
1777042589004,1308,HYBRID_FEE_LOCALITY,0,0,108,0,0.0000,156,1,0,0,0,0,0,0.0000
1777042590003,1309,HYBRID_FEE_LOCALITY,0,0,108,0,0.0000,215,1,0,0,0,0,0,0.0000
1777042591018,1310,HYBRID_FEE_LOCALITY,0,0,108,0,0.0000,293,3,0,0,0,0,0,0.0000
1777042592004,1311,HYBRID_FEE_LOCALITY,0,0,108,0,0.0000,209,2,0,0,0,0,0,0.0000
1777042593008,1312,HYBRID_FEE_LOCALITY,0,0,108,0,0.0000,204,2,0,0,0,0,0,0.0000
1777042594004,1313,HYBRID_FEE_LOCALITY,0,0,108,0,0.0000,209,1,0,0,0,0,0,0.0000
1777042595028,1314,HYBRID_FEE_LOCALITY,0,0,108,0,0.0000,222,2,0,0,0,0,0,0.0000
1777042596004,1315,HYBRID_FEE_LOCALITY,0,0,108,0,0.0000,218,1,0,0,0,0,0,0.0000
1777042597003,1316,HYBRID_FEE_LOCALITY,0,0,108,0,0.0000,156,1,0,0,0,0,0,0.0000
1777042598007,1317,HYBRID_FEE_LOCALITY,0,0,108,0,0.0000,240,1,0,0,0,0,0,0.0000
1777042599014,1318,HYBRID_FEE_LOCALITY,0,0,108,0,0.0000,209,1,0,0,0,0,0,0.0000
1777042600005,1319,HYBRID_FEE_LOCALITY,0,0,108,0,0.0000,206,2,0,0,0,0,0,0.0000
1777042601548,1320,HYBRID_FEE_LOCALITY,0,0,108,0,0.0000,199,2,0,0,0,0,0,0.0000
1777042602004,1321,HYBRID_FEE_LOCALITY,0,0,108,0,0.0000,224,1,0,0,0,0,0,0.0000
1777042603003,1322,HYBRID_FEE_LOCALITY,0,0,108,0,0.0000,225,1,0,0,0,0,0,0.0000
1777042604004,1323,HYBRID_FEE_LOCALITY,0,0,108,0,0.0000,192,1,0,0,0,0,0,0.0000
1777042605003,1324,HYBRID_FEE_LOCALITY,0,0,108,0,0.0000,163,1,0,0,0,0,0,0.0000
1777042606002,1325,HYBRID_FEE_LOCALITY,0,0,108,0,0.0000,189,1,0,0,0,0,0,0.0000
1777042607003,1326,HYBRID_FEE_LOCALITY,0,0,108,0,0.0000,205,1,0,0,0,0,0,0.0000
1777042608004,1327,HYBRID_FEE_LOCALITY,0,0,108,0,0.0000,212,1,0,0,0,0,0,0.0000
1777042610201,1328,HYBRID_FEE_LOCALITY,0,0,108,0,0.0000,203,1,0,0,0,0,0,0.0000
1777042611318,1329,HYBRID_FEE_LOCALITY,0,0,108,0,0.0000,234,1,0,0,0,0,0,0.0000
1777042611846,1330,HYBRID_FEE_LOCALITY,0,0,108,0,0.0000,152,1,0,0,0,0,0,0.0000
1777042612726,1331,HYBRID_FEE_LOCALITY,0,0,108,0,0.0000,243,1,0,0,0,0,0,0.0000
1777042613620,1332,HYBRID_FEE_LOCALITY,0,0,44,0,0.0000,135,1,0,0,0,0,0,0.0000
1777042614003,1333,HYBRID_FEE_LOCALITY,0,0,44,0,0.0000,98,0,0,0,0,0,0,0.0000
1777042615003,1334,HYBRID_FEE_LOCALITY,0,0,144,0,0.0000,434,1,0,0,0,0,0,0.0000
1777042616003,1335,HYBRID_FEE_LOCALITY,0,0,144,0,0.0000,211,1,0,0,0,0,0,0.0000
1777042617002,1336,HYBRID_FEE_LOCALITY,0,0,144,0,0.0000,200,1,0,0,0,0,0,0.0000
1777042618004,1337,HYBRID_FEE_LOCALITY,0,0,144,0,0.0000,221,1,0,0,0,0,0,0.0000
1777042619003,1338,HYBRID_FEE_LOCALITY,0,0,144,0,0.0000,261,1,0,0,0,0,0,0.0000
1777042620005,1339,HYBRID_FEE_LOCALITY,0,0,144,0,0.0000,276,2,0,0,0,0,0,0.0000
1777042621003,1340,HYBRID_FEE_LOCALITY,0,0,144,0,0.0000,241,1,0,0,0,0,0,0.0000
1777042622003,1341,HYBRID_FEE_LOCALITY,0,0,144,0,0.0000,270,1,0,0,0,0,0,0.0000
1777042623985,1342,HYBRID_FEE_LOCALITY,0,0,144,0,0.0000,295,1,0,0,0,0,0,0.0000
1777042624823,1343,HYBRID_FEE_LOCALITY,0,0,144,0,0.0000,249,1,0,0,0,0,0,0.0000
1777042625751,1344,HYBRID_FEE_LOCALITY,0,0,144,0,0.0000,369,1,0,0,0,0,0,0.0000
1777042626702,1345,HYBRID_FEE_LOCALITY,0,0,144,0,0.0000,249,1,0,0,0,0,0,0.0000
1777042627246,1346,HYBRID_FEE_LOCALITY,0,0,144,0,0.0000,239,1,0,0,0,0,0,0.0000
1777042628006,1347,HYBRID_FEE_LOCALITY,0,0,144,0,0.0000,243,1,0,0,0,0,0,0.0000
1777042629004,1348,HYBRID_FEE_LOCALITY,0,0,144,0,0.0000,246,1,0,0,0,0,0,0.0000
1777042630004,1349,HYBRID_FEE_LOCALITY,0,0,144,0,0.0000,367,1,0,0,0,0,0,0.0000
1777042631004,1350,HYBRID_FEE_LOCALITY,0,0,144,0,0.0000,248,1,0,0,0,0,0,0.0000
1777042632004,1351,HYBRID_FEE_LOCALITY,0,0,144,0,0.0000,265,1,0,0,0,0,0,0.0000
1777042633003,1352,HYBRID_FEE_LOCALITY,0,0,144,0,0.0000,339,1,0,0,0,0,0,0.0000
1777042634004,1353,HYBRID_FEE_LOCALITY,0,0,144,0,0.0000,216,1,0,0,0,0,0,0.0000
1777042635004,1354,HYBRID_FEE_LOCALITY,0,0,144,0,0.0000,385,1,0,0,0,0,0,0.0000
1777042636004,1355,HYBRID_FEE_LOCALITY,0,0,144,0,0.0000,227,1,0,0,0,0,0,0.0000
1777042637003,1356,HYBRID_FEE_LOCALITY,0,0,144,0,0.0000,340,1,0,0,0,0,0,0.0000
1777042638004,1357,HYBRID_FEE_LOCALITY,0,0,144,0,0.0000,229,1,0,0,0,0,0,0.0000
1777042639008,1358,HYBRID_FEE_LOCALITY,0,0,144,0,0.0000,296,1,0,0,0,0,0,0.0000
1777042640006,1359,HYBRID_FEE_LOCALITY,0,0,144,0,0.0000,203,1,0,0,0,0,0,0.0000
1777042641003,1360,HYBRID_FEE_LOCALITY,0,0,58,0,0.0000,70,0,0,0,0,0,0,0.0000
1777042643345,1361,HYBRID_FEE_LOCALITY,0,0,10,0,0.0000,22,0,0,0,0,0,0,0.0000
1777042644453,1362,HYBRID_FEE_LOCALITY,0,0,2,0,0.0000,8,0,0,0,0,0,0,0.0000
1777042645606,1363,HYBRID_FEE_LOCALITY,0,0,1,0,0.0000,4,10,0,0,0,0,0,0.0000
1777042647417,1364,HYBRID_FEE_LOCALITY,0,0,101,0,0.0000,129,1,0,0,0,0,0,0.0000
1777042647683,1365,HYBRID_FEE_LOCALITY,0,0,101,0,0.0000,200,1,0,0,0,0,0,0.0000
1777042647726,1366,HYBRID_FEE_LOCALITY,0,0,101,0,0.0000,204,1,0,0,0,0,0,0.0000
1777042648005,1367,HYBRID_FEE_LOCALITY,0,0,101,0,0.0000,208,1,0,0,0,0,0,0.0000
1777042649003,1368,HYBRID_FEE_LOCALITY,0,0,101,0,0.0000,300,1,0,0,0,0,0,0.0000
1777042650002,1369,HYBRID_FEE_LOCALITY,0,0,101,0,0.0000,176,1,0,0,0,0,0,0.0000
1777042651007,1370,HYBRID_FEE_LOCALITY,0,0,101,0,0.0000,260,1,0,0,0,0,0,0.0000
1777042652003,1371,HYBRID_FEE_LOCALITY,0,0,101,0,0.0000,198,1,0,0,0,0,0,0.0000
1777042653003,1372,HYBRID_FEE_LOCALITY,0,0,101,0,0.0000,162,1,0,0,0,0,0,0.0000
1777042654005,1373,HYBRID_FEE_LOCALITY,0,0,101,0,0.0000,174,1,0,0,0,0,0,0.0000
1777042655003,1374,HYBRID_FEE_LOCALITY,0,0,101,0,0.0000,196,1,0,0,0,0,0,0.0000
1777042656002,1375,HYBRID_FEE_LOCALITY,0,0,101,0,0.0000,197,1,0,0,0,0,0,0.0000
1777042657004,1376,HYBRID_FEE_LOCALITY,0,0,101,0,0.0000,156,1,0,0,0,0,0,0.0000
1777042658003,1377,HYBRID_FEE_LOCALITY,0,0,101,0,0.0000,171,1,0,0,0,0,0,0.0000
1777042659652,1378,HYBRID_FEE_LOCALITY,0,0,101,0,0.0000,148,2,0,0,0,0,0,0.0000
1777042660003,1379,HYBRID_FEE_LOCALITY,0,0,101,0,0.0000,134,1,0,0,0,0,0,0.0000
1777042661003,1380,HYBRID_FEE_LOCALITY,0,0,101,0,0.0000,148,1,0,0,0,0,0,0.0000
1777042662004,1381,HYBRID_FEE_LOCALITY,0,0,101,0,0.0000,164,1,0,0,0,0,0,0.0000
1777042663005,1382,HYBRID_FEE_LOCALITY,0,0,101,0,0.0000,194,1,0,0,0,0,0,0.0000
1777042664004,1383,HYBRID_FEE_LOCALITY,0,0,101,0,0.0000,194,1,0,0,0,0,0,0.0000
1777042665003,1384,HYBRID_FEE_LOCALITY,0,0,101,0,0.0000,203,1,0,0,0,0,0,0.0000
1777042666003,1385,HYBRID_FEE_LOCALITY,0,0,101,0,0.0000,180,1,0,0,0,0,0,0.0000
1777042667005,1386,HYBRID_FEE_LOCALITY,0,0,101,0,0.0000,178,1,0,0,0,0,0,0.0000
1777042668004,1387,HYBRID_FEE_LOCALITY,0,0,101,0,0.0000,177,1,0,0,0,0,0,0.0000
1777042669004,1388,HYBRID_FEE_LOCALITY,0,0,41,0,0.0000,81,1,0,0,0,0,0,0.0000
1777042670002,1389,HYBRID_FEE_LOCALITY,0,0,17,0,0.0000,29,0,0,0,0,0,0,0.0000
1777042671002,1390,HYBRID_FEE_LOCALITY,0,0,7,0,0.0000,58,0,0,0,0,0,0,0.0000
1777042672007,1391,HYBRID_FEE_LOCALITY,0,0,3,0,0.0000,15,0,0,0,0,0,0,0.0000
1777042673698,1392,HYBRID_FEE_LOCALITY,0,0,102,0,0.0000,152,1,0,0,0,0,0,0.0000
1777042674003,1393,HYBRID_FEE_LOCALITY,0,0,102,0,0.0000,186,1,0,0,0,0,0,0.0000
1777042675416,1394,HYBRID_FEE_LOCALITY,0,0,102,0,0.0000,359,1,0,0,0,0,0,0.0000
1777042676002,1395,HYBRID_FEE_LOCALITY,0,0,102,0,0.0000,145,1,0,0,0,0,0,0.0000
1777042677004,1396,HYBRID_FEE_LOCALITY,0,0,102,0,0.0000,163,1,0,0,0,0,0,0.0000
1777042678006,1397,HYBRID_FEE_LOCALITY,0,0,102,0,0.0000,193,1,0,0,0,0,0,0.0000
1777042679625,1398,HYBRID_FEE_LOCALITY,0,0,102,0,0.0000,208,1,0,0,0,0,0,0.0000
1777042680005,1399,HYBRID_FEE_LOCALITY,0,0,102,0,0.0000,212,1,0,0,0,0,0,0.0000
1777042681464,1400,HYBRID_FEE_LOCALITY,0,0,102,0,0.0000,196,1,0,0,0,0,0,0.0000
1777042682057,1401,HYBRID_FEE_LOCALITY,0,0,102,0,0.0000,185,1,0,0,0,0,0,0.0000
1777042683004,1402,HYBRID_FEE_LOCALITY,0,0,102,0,0.0000,196,1,0,0,0,0,0,0.0000
1777042684378,1403,HYBRID_FEE_LOCALITY,0,0,102,0,0.0000,143,1,0,0,0,0,0,0.0000
1777042685003,1404,HYBRID_FEE_LOCALITY,0,0,102,0,0.0000,145,1,0,0,0,0,0,0.0000
1777042686004,1405,HYBRID_FEE_LOCALITY,0,0,102,0,0.0000,151,1,0,0,0,0,0,0.0000
1777042687004,1406,HYBRID_FEE_LOCALITY,0,0,102,0,0.0000,142,1,0,0,0,0,0,0.0000
1777042688003,1407,HYBRID_FEE_LOCALITY,0,0,102,0,0.0000,179,1,0,0,0,0,0,0.0000
1777042689003,1408,HYBRID_FEE_LOCALITY,0,0,102,0,0.0000,157,1,0,0,0,0,0,0.0000
1777042690002,1409,HYBRID_FEE_LOCALITY,0,0,102,0,0.0000,153,1,0,0,0,0,0,0.0000
1777042692152,1410,HYBRID_FEE_LOCALITY,0,0,102,0,0.0000,197,1,0,0,0,0,0,0.0000
1777042692255,1411,HYBRID_FEE_LOCALITY,0,0,102,0,0.0000,253,1,0,0,0,0,0,0.0000
1777042693003,1412,HYBRID_FEE_LOCALITY,0,0,102,0,0.0000,244,1,0,0,0,0,0,0.0000
1777042694634,1413,HYBRID_FEE_LOCALITY,0,0,102,0,0.0000,187,1,0,0,0,0,0,0.0000
1777042695003,1414,HYBRID_FEE_LOCALITY,0,0,102,0,0.0000,177,1,0,0,0,0,0,0.0000
1777042696003,1415,HYBRID_FEE_LOCALITY,0,0,102,0,0.0000,198,1,0,0,0,0,0,0.0000
1777042697003,1416,HYBRID_FEE_LOCALITY,0,0,102,0,0.0000,184,1,0,0,0,0,0,0.0000
1777042698003,1417,HYBRID_FEE_LOCALITY,0,0,102,0,0.0000,120,1,0,0,0,0,0,0.0000
1777042699003,1418,HYBRID_FEE_LOCALITY,0,0,102,0,0.0000,131,1,0,0,0,0,0,0.0000
1777042700003,1419,HYBRID_FEE_LOCALITY,0,0,102,0,0.0000,130,1,0,0,0,0,0,0.0000
1777042701001,1420,HYBRID_FEE_LOCALITY,0,0,102,0,0.0000,106,1,0,0,0,0,0,0.0000
1777042702004,1421,HYBRID_FEE_LOCALITY,0,0,102,0,0.0000,103,1,0,0,0,0,0,0.0000
1777042703002,1422,HYBRID_FEE_LOCALITY,0,0,102,0,0.0000,97,1,0,0,0,0,0,0.0000
1777042704003,1423,HYBRID_FEE_LOCALITY,0,0,102,0,0.0000,120,1,0,0,0,0,0,0.0000
1777042705004,1424,HYBRID_FEE_LOCALITY,0,0,102,0,0.0000,124,1,0,0,0,0,0,0.0000
1777042706002,1425,HYBRID_FEE_LOCALITY,0,0,102,0,0.0000,127,1,0,0,0,0,0,0.0000
1777042707002,1426,HYBRID_FEE_LOCALITY,0,0,102,0,0.0000,92,1,0,0,0,0,0,0.0000
1777042708004,1427,HYBRID_FEE_LOCALITY,0,0,102,0,0.0000,125,1,0,0,0,0,0,0.0000
1777042709003,1428,HYBRID_FEE_LOCALITY,0,0,102,0,0.0000,90,1,0,0,0,0,0,0.0000
1777042711101,1429,HYBRID_FEE_LOCALITY,0,0,102,0,0.0000,104,1,0,0,0,0,0,0.0000
1777042712323,1430,HYBRID_FEE_LOCALITY,0,0,102,0,0.0000,114,1,0,0,0,0,0,0.0000
1777042712642,1431,HYBRID_FEE_LOCALITY,0,0,102,0,0.0000,106,1,0,0,0,0,0,0.0000
1777042713002,1432,HYBRID_FEE_LOCALITY,0,0,102,0,0.0000,127,1,0,0,0,0,0,0.0000
1777042714004,1433,HYBRID_FEE_LOCALITY,0,0,102,0,0.0000,124,1,0,0,0,0,0,0.0000
1777042715003,1434,HYBRID_FEE_LOCALITY,0,0,102,0,0.0000,129,1,0,0,0,0,0,0.0000
1777042716003,1435,HYBRID_FEE_LOCALITY,0,0,102,0,0.0000,123,1,0,0,0,0,0,0.0000
1777042717059,1436,HYBRID_FEE_LOCALITY,0,0,102,0,0.0000,121,1,0,0,0,0,0,0.0000
1777042718020,1437,HYBRID_FEE_LOCALITY,0,0,102,0,0.0000,117,1,0,0,0,0,0,0.0000
1777042719002,1438,HYBRID_FEE_LOCALITY,0,0,102,0,0.0000,69,1,0,0,0,0,0,0.0000
1777042720003,1439,HYBRID_FEE_LOCALITY,0,0,102,0,0.0000,88,0,0,0,0,0,0,0.0000
1777042723158,1440,HYBRID_FEE_LOCALITY,0,0,102,0,0.0000,134,1,0,0,0,0,0,0.0000
1777042723303,1441,HYBRID_FEE_LOCALITY,0,0,102,0,0.0000,109,1,0,0,0,0,0,0.0000
1777042723455,1442,HYBRID_FEE_LOCALITY,0,0,102,0,0.0000,120,1,0,0,0,0,0,0.0000
1777042724003,1443,HYBRID_FEE_LOCALITY,0,0,102,0,0.0000,126,1,0,0,0,0,0,0.0000
1777042725003,1444,HYBRID_FEE_LOCALITY,0,0,41,0,0.0000,70,0,0,0,0,0,0,0.0000
1777042726002,1445,HYBRID_FEE_LOCALITY,0,0,141,0,0.0000,168,1,0,0,0,0,0,0.0000
1777042728098,1446,HYBRID_FEE_LOCALITY,0,0,141,0,0.0000,249,1,0,0,0,0,0,0.0000
1777042728776,1447,HYBRID_FEE_LOCALITY,0,0,141,0,0.0000,257,1,0,0,0,0,0,0.0000
1777042729044,1448,HYBRID_FEE_LOCALITY,0,0,141,0,0.0000,235,1,0,0,0,0,0,0.0000
1777042730003,1449,HYBRID_FEE_LOCALITY,0,0,141,0,0.0000,214,1,0,0,0,0,0,0.0000
1777042731003,1450,HYBRID_FEE_LOCALITY,0,0,141,0,0.0000,193,1,0,0,0,0,0,0.0000
1777042732003,1451,HYBRID_FEE_LOCALITY,0,0,141,0,0.0000,226,1,0,0,0,0,0,0.0000
1777042733003,1452,HYBRID_FEE_LOCALITY,0,0,141,0,0.0000,220,1,0,0,0,0,0,0.0000
1777042734003,1453,HYBRID_FEE_LOCALITY,0,0,141,0,0.0000,185,1,0,0,0,0,0,0.0000
1777042735004,1454,HYBRID_FEE_LOCALITY,0,0,141,0,0.0000,176,2,0,0,0,0,0,0.0000
1777042736003,1455,HYBRID_FEE_LOCALITY,0,0,141,0,0.0000,204,1,0,0,0,0,0,0.0000
1777042737003,1456,HYBRID_FEE_LOCALITY,0,0,141,0,0.0000,192,1,0,0,0,0,0,0.0000
1777042738003,1457,HYBRID_FEE_LOCALITY,0,0,141,0,0.0000,192,1,0,0,0,0,0,0.0000
1777042739003,1458,HYBRID_FEE_LOCALITY,0,0,141,0,0.0000,394,1,0,0,0,0,0,0.0000
1777042740143,1459,HYBRID_FEE_LOCALITY,0,0,141,0,0.0000,277,1,0,0,0,0,0,0.0000
1777042741186,1460,HYBRID_FEE_LOCALITY,0,0,141,0,0.0000,248,1,0,0,0,0,0,0.0000
1777042742003,1461,HYBRID_FEE_LOCALITY,0,0,141,0,0.0000,253,1,0,0,0,0,0,0.0000
1777042743006,1462,HYBRID_FEE_LOCALITY,0,0,141,0,0.0000,252,3,0,0,0,0,0,0.0000
1777042744012,1463,HYBRID_FEE_LOCALITY,0,0,141,0,0.0000,259,1,0,0,0,0,0,0.0000
1777042745004,1464,HYBRID_FEE_LOCALITY,0,0,141,0,0.0000,267,1,0,0,0,0,0,0.0000
1777042746003,1465,HYBRID_FEE_LOCALITY,0,0,141,0,0.0000,279,1,0,0,0,0,0,0.0000
1777042747094,1466,HYBRID_FEE_LOCALITY,0,0,141,0,0.0000,203,1,0,0,0,0,0,0.0000
1777042748003,1467,HYBRID_FEE_LOCALITY,0,0,57,0,0.0000,82,0,0,0,0,0,0,0.0000
1777042749004,1468,HYBRID_FEE_LOCALITY,0,0,157,0,0.0000,269,1,0,0,0,0,0,0.0000
1777042750005,1469,HYBRID_FEE_LOCALITY,0,0,157,0,0.0000,279,1,0,0,0,0,0,0.0000
1777042751005,1470,HYBRID_FEE_LOCALITY,0,0,157,0,0.0000,284,1,0,0,0,0,0,0.0000
1777042752106,1471,HYBRID_FEE_LOCALITY,0,0,157,0,0.0000,299,1,0,0,0,0,0,0.0000
1777042753004,1472,HYBRID_FEE_LOCALITY,0,0,157,0,0.0000,276,1,0,0,0,0,0,0.0000
1777042754004,1473,HYBRID_FEE_LOCALITY,0,0,157,0,0.0000,275,1,0,0,0,0,0,0.0000
1777042755014,1474,HYBRID_FEE_LOCALITY,0,0,157,0,0.0000,297,1,0,0,0,0,0,0.0000
1777042756005,1475,HYBRID_FEE_LOCALITY,0,0,157,0,0.0000,385,2,0,0,0,0,0,0.0000
1777042757003,1476,HYBRID_FEE_LOCALITY,0,0,157,0,0.0000,269,1,0,0,0,0,0,0.0000
1777042758003,1477,HYBRID_FEE_LOCALITY,0,0,157,0,0.0000,293,1,0,0,0,0,0,0.0000
1777042759004,1478,HYBRID_FEE_LOCALITY,0,0,157,0,0.0000,299,2,0,0,0,0,0,0.0000
1777042760005,1479,HYBRID_FEE_LOCALITY,0,0,157,0,0.0000,283,1,0,0,0,0,0,0.0000
1777042761003,1480,HYBRID_FEE_LOCALITY,0,0,157,0,0.0000,264,1,0,0,0,0,0,0.0000
1777042762003,1481,HYBRID_FEE_LOCALITY,0,0,157,0,0.0000,233,1,0,0,0,0,0,0.0000
1777042763080,1482,HYBRID_FEE_LOCALITY,0,0,157,0,0.0000,259,2,0,0,0,0,0,0.0000
1777042764003,1483,HYBRID_FEE_LOCALITY,0,0,157,0,0.0000,305,2,0,0,0,0,0,0.0000
1777042765006,1484,HYBRID_FEE_LOCALITY,0,0,157,0,0.0000,280,2,0,0,0,0,0,0.0000
1777042766004,1485,HYBRID_FEE_LOCALITY,0,0,157,0,0.0000,274,2,0,0,0,0,0,0.0000
1777042767003,1486,HYBRID_FEE_LOCALITY,0,0,157,0,0.0000,277,2,0,0,0,0,0,0.0000
1777042768005,1487,HYBRID_FEE_LOCALITY,0,0,157,0,0.0000,287,2,0,0,0,0,0,0.0000
1777042769004,1488,HYBRID_FEE_LOCALITY,0,0,63,0,0.0000,111,1,0,0,0,0,0,0.0000
1777042770003,1489,HYBRID_FEE_LOCALITY,0,0,26,0,0.0000,138,0,0,0,0,0,0,0.0000
1777042771003,1490,HYBRID_FEE_LOCALITY,0,0,126,0,0.0000,257,1,0,0,0,0,0,0.0000
1777042772006,1491,HYBRID_FEE_LOCALITY,0,0,126,0,0.0000,203,1,0,0,0,0,0,0.0000
1777042773003,1492,HYBRID_FEE_LOCALITY,0,0,126,0,0.0000,245,1,0,0,0,0,0,0.0000
1777042774004,1493,HYBRID_FEE_LOCALITY,0,0,126,0,0.0000,172,1,0,0,0,0,0,0.0000
1777042775003,1494,HYBRID_FEE_LOCALITY,0,0,126,0,0.0000,172,1,0,0,0,0,0,0.0000
1777042776003,1495,HYBRID_FEE_LOCALITY,0,0,126,0,0.0000,243,1,0,0,0,0,0,0.0000
1777042777004,1496,HYBRID_FEE_LOCALITY,0,0,126,0,0.0000,172,1,0,0,0,0,0,0.0000
1777042778003,1497,HYBRID_FEE_LOCALITY,0,0,126,0,0.0000,228,1,0,0,0,0,0,0.0000
1777042779006,1498,HYBRID_FEE_LOCALITY,0,0,126,0,0.0000,246,2,0,0,0,0,0,0.0000
1777042780003,1499,HYBRID_FEE_LOCALITY,0,0,126,0,0.0000,183,1,0,0,0,0,0,0.0000
1777042781005,1500,HYBRID_FEE_LOCALITY,0,0,126,0,0.0000,183,1,0,0,0,0,0,0.0000
1777042782003,1501,HYBRID_FEE_LOCALITY,0,0,126,0,0.0000,193,1,0,0,0,0,0,0.0000
1777042783005,1502,HYBRID_FEE_LOCALITY,0,0,126,0,0.0000,229,4,0,0,0,0,0,0.0000
1777042784005,1503,HYBRID_FEE_LOCALITY,0,0,126,0,0.0000,205,1,0,0,0,0,0,0.0000
1777042785003,1504,HYBRID_FEE_LOCALITY,0,0,126,0,0.0000,138,1,0,0,0,0,0,0.0000
1777042786002,1505,HYBRID_FEE_LOCALITY,0,0,126,0,0.0000,129,1,0,0,0,0,0,0.0000
1777042787004,1506,HYBRID_FEE_LOCALITY,0,0,126,0,0.0000,206,1,0,0,0,0,0,0.0000
1777042788610,1507,HYBRID_FEE_LOCALITY,0,0,126,0,0.0000,127,1,0,0,0,0,0,0.0000
1777042790970,1508,HYBRID_FEE_LOCALITY,0,0,126,0,0.0000,128,1,0,0,0,0,0,0.0000
1777042791375,1509,HYBRID_FEE_LOCALITY,0,0,126,0,0.0000,164,1,0,0,0,0,0,0.0000
1777042791540,1510,HYBRID_FEE_LOCALITY,0,0,126,0,0.0000,166,1,0,0,0,0,0,0.0000
1777042792003,1511,HYBRID_FEE_LOCALITY,0,0,126,0,0.0000,163,1,0,0,0,0,0,0.0000
1777042793002,1512,HYBRID_FEE_LOCALITY,0,0,126,0,0.0000,172,1,0,0,0,0,0,0.0000
1777042794015,1513,HYBRID_FEE_LOCALITY,0,0,126,0,0.0000,165,1,0,0,0,0,0,0.0000
1777042795003,1514,HYBRID_FEE_LOCALITY,0,0,126,0,0.0000,171,1,0,0,0,0,0,0.0000
1777042796002,1515,HYBRID_FEE_LOCALITY,0,0,126,0,0.0000,161,1,0,0,0,0,0,0.0000
1777042797002,1516,HYBRID_FEE_LOCALITY,0,0,126,0,0.0000,179,1,0,0,0,0,0,0.0000
1777042798002,1517,HYBRID_FEE_LOCALITY,0,0,126,0,0.0000,168,1,0,0,0,0,0,0.0000
1777042799003,1518,HYBRID_FEE_LOCALITY,0,0,126,0,0.0000,170,1,0,0,0,0,0,0.0000
1777042800003,1519,HYBRID_FEE_LOCALITY,0,0,126,0,0.0000,219,1,0,0,0,0,0,0.0000
1777042801002,1520,HYBRID_FEE_LOCALITY,0,0,126,0,0.0000,171,1,0,0,0,0,0,0.0000
1777042802003,1521,HYBRID_FEE_LOCALITY,0,0,126,0,0.0000,169,1,0,0,0,0,0,0.0000
1777042803685,1522,HYBRID_FEE_LOCALITY,0,0,126,0,0.0000,164,1,0,0,0,0,0,0.0000
1777042804260,1523,HYBRID_FEE_LOCALITY,0,0,126,0,0.0000,172,1,0,0,0,0,0,0.0000
1777042805805,1524,HYBRID_FEE_LOCALITY,0,0,126,0,0.0000,177,1,0,0,0,0,0,0.0000
1777042806274,1525,HYBRID_FEE_LOCALITY,0,0,126,0,0.0000,169,1,0,0,0,0,0,0.0000
1777042807288,1526,HYBRID_FEE_LOCALITY,0,0,126,0,0.0000,172,1,0,0,0,0,0,0.0000
1777042808449,1527,HYBRID_FEE_LOCALITY,0,0,21,0,0.0000,28,0,0,0,0,0,0,0.0000
1777042809012,1528,HYBRID_FEE_LOCALITY,0,0,21,0,0.0000,22,0,0,0,0,0,0,0.0000
1777042810013,1529,HYBRID_FEE_LOCALITY,0,0,121,0,0.0000,169,1,0,0,0,0,0,0.0000
1777042813069,1530,HYBRID_FEE_LOCALITY,0,0,121,0,0.0000,169,1,0,0,0,0,0,0.0000
1777042813856,1531,HYBRID_FEE_LOCALITY,0,0,121,0,0.0000,158,1,0,0,0,0,0,0.0000
1777042813926,1532,HYBRID_FEE_LOCALITY,0,0,121,0,0.0000,147,1,0,0,0,0,0,0.0000
1777042815594,1533,HYBRID_FEE_LOCALITY,0,0,121,0,0.0000,180,1,0,0,0,0,0,0.0000
1777042815642,1534,HYBRID_FEE_LOCALITY,0,0,121,0,0.0000,149,1,0,0,0,0,0,0.0000
1777042816002,1535,HYBRID_FEE_LOCALITY,0,0,121,0,0.0000,157,1,0,0,0,0,0,0.0000
1777042817003,1536,HYBRID_FEE_LOCALITY,0,0,121,0,0.0000,157,1,0,0,0,0,0,0.0000
1777042818002,1537,HYBRID_FEE_LOCALITY,0,0,121,0,0.0000,164,1,0,0,0,0,0,0.0000
1777042819018,1538,HYBRID_FEE_LOCALITY,0,0,121,0,0.0000,161,1,0,0,0,0,0,0.0000
1777042820002,1539,HYBRID_FEE_LOCALITY,0,0,121,0,0.0000,208,1,0,0,0,0,0,0.0000
1777042821003,1540,HYBRID_FEE_LOCALITY,0,0,121,0,0.0000,206,1,0,0,0,0,0,0.0000
1777042822002,1541,HYBRID_FEE_LOCALITY,0,0,121,0,0.0000,132,1,0,0,0,0,0,0.0000
1777042823004,1542,HYBRID_FEE_LOCALITY,0,0,121,0,0.0000,121,1,0,0,0,0,0,0.0000
1777042824003,1543,HYBRID_FEE_LOCALITY,0,0,121,0,0.0000,138,1,0,0,0,0,0,0.0000
1777042825005,1544,HYBRID_FEE_LOCALITY,0,0,121,0,0.0000,142,1,0,0,0,0,0,0.0000
1777042826474,1545,HYBRID_FEE_LOCALITY,0,0,121,0,0.0000,160,1,0,0,0,0,0,0.0000
1777042827065,1546,HYBRID_FEE_LOCALITY,0,0,121,0,0.0000,137,1,0,0,0,0,0,0.0000
1777042828124,1547,HYBRID_FEE_LOCALITY,0,0,121,0,0.0000,123,1,0,0,0,0,0,0.0000
